AllCCS ID,Adduct,CCS,m/z,Structure,Formula
AllCCS00109921,[M+Na]+,288.8,780.5515,CCCCCCCCCCCCCCCC(=O)OCC(COP(=O)([O-])OCC[N+](C)(C)C)OC(=O)C=CC=CCCCCCCCCCCCCC,C42H80NO8P
AllCCS00109944,[M+H]+,287.1,730.5382,CCCCCCC=CCCCCCCCC(=O)OCC(COP(=O)([O-])OCC[N+](C)(C)C)OC(=O)CCCCCCCC=CCCCCCC,C40H76NO8P
AllCCS00109944,[M+Na]+,290.4,752.5202,CCCCCCC=CCCCCCCCC(=O)OCC(COP(=O)([O-])OCC[N+](C)(C)C)OC(=O)CCCCCCCC=CCCCCCC,C40H76NO8P
AllCCS00109974,[M+Na]+,294.9,808.5828,CCCCCCCCCCCCCCCCCC(=O)OCC(COP(=O)([O-])OCC[N+](C)(C)C)OC(=O)C=CC=CCCCCCCCCCCCCC,C44H84NO8P
AllCCS00110010,[M+H]+,302.0,786.6008,CCCCCCCCCCCC=CCCCCC(=O)OCC(COP(=O)([O-])OCC[N+](C)(C)C)OC(=O)CCCCC=CCCCCCCCCCCC,C44H84NO8P
AllCCS00110010,[M+Na]+,306.3,808.5828,CCCCCCCCCCCC=CCCCCC(=O)OCC(COP(=O)([O-])OCC[N+](C)(C)C)OC(=O)CCCCC=CCCCCCCCCCCC,C44H84NO8P
AllCCS00110020,[M+Na]+,287.8,804.5515,CCCCCCCCCCCCCC=CC=CC(=O)OCC(COP(=O)([O-])OCC[N+](C)(C)C)OC(=O)C=CC=CCCCCCCCCCCCCC,C44H80NO8P
AllCCS00110045,[M+H]+,236.5,538.3504,CCCCCCCCCCCCCCCC(=O)OC(COC(=O)C)COP(=O)([O-])OCC[N+](C)(C)C,C26H52NO8P
AllCCS00110232,[M+H]+,293.5,798.6008,CCCCCC=CCCCCCCCC(=O)OCC(COP(=O)([O-])OCC[N+](C)(C)C)OC(=O)CCCCCCCCCCCC=CCC=CCCCCC,C45H84NO8P
AllCCS00110739,[M+H]+,272.3,662.5119,CCCCCCCCCCCCCCC=COCC(COP(=O)([O-])OCC[N+](C)(C)C)OC(=O)CCCCCCCCCCC,C36H72NO7P
AllCCS00110740,[M+H]+,275.5,676.5276,CCCCCCCCCCCCCCC=COCC(COP(=O)([O-])OCC[N+](C)(C)C)OC(=O)CCCCCCCCCCCC,C37H74NO7P
AllCCS00110742,[M+H]+,287.0,732.5902,CCCCCCCCCCCCCCCCC(=O)OC(COC=CCCCCCCCCCCCCCC)COP(=O)([O-])OCC[N+](C)(C)C,C41H82NO7P
AllCCS00110742,[M+Na]+,287.9,754.5722,CCCCCCCCCCCCCCCCC(=O)OC(COC=CCCCCCCCCCCCCCC)COP(=O)([O-])OCC[N+](C)(C)C,C41H82NO7P
AllCCS00110746,[M+H]+,293.8,760.6215,CCCCCCCCCCCCCCCCCCC(=O)OC(COC=CCCCCCCCCCCCCCC)COP(=O)([O-])OCC[N+](C)(C)C,C43H86NO7P
AllCCS00110746,[M+Na]+,294.7,782.6035,CCCCCCCCCCCCCCCCCCC(=O)OC(COC=CCCCCCCCCCCCCCC)COP(=O)([O-])OCC[N+](C)(C)C,C43H86NO7P
AllCCS00110749,[M+H]+,299.5,788.6528,CCCCCCCCCCCCCCCCCCCCC(=O)OC(COC=CCCCCCCCCCCCCCC)COP(=O)([O-])OCC[N+](C)(C)C,C45H90NO7P
AllCCS00110756,[M+Na]+,292.4,768.5878,CCCCCCCCCCCCCCCCC=COCC(COP(=O)([O-])OCC[N+](C)(C)C)OC(=O)CCCCCCCCCCCCCCC,C42H84NO7P
AllCCS00110854,[M+H]+,231.7,482.3605,CCCCCCCCCCCCCCCCOCC(COP(=O)([O-])OCC[N+](C)(C)C)O,C24H52NO6P
AllCCS00110854,[M+Na]+,230.7,504.3425,CCCCCCCCCCCCCCCCOCC(COP(=O)([O-])OCC[N+](C)(C)C)O,C24H52NO6P
AllCCS00110863,[M+H]+,234.5,508.3762,CCCCCCC=CCCCCCCCCCCOCC(COP(=O)([O-])OCC[N+](C)(C)C)O,C26H54NO6P
AllCCS00110863,[M+Na]+,232.7,530.3582,CCCCCCC=CCCCCCCCCCCOCC(COP(=O)([O-])OCC[N+](C)(C)C)O,C26H54NO6P
AllCCS00110865,[M+H]+,246.7,538.4231,CCCCCCCCCCCCCCCCCCCCOCC(COP(=O)([O-])OCC[N+](C)(C)C)O,C28H60NO6P
AllCCS00110896,[M-H]-,276.8,766.5392,CCCCCCCCCCCCCCCCCC(=O)OCC(COP(=O)(O)OCCN)OC(=O)CCCC=CCC=CCC=CCC=CCCCCC,C43H78NO8P
AllCCS00111031,[M-H]-,275.8,754.5392,CCCCCC=CCCCCCCCC(=O)OCC(COP(=O)(O)OCCN)OC(=O)CCCCCCCCCCCC=CCC=CCCCCC,C42H78NO8P
AllCCS00111054,[M-H]-,266.8,704.5236,CCCCCCCCCCCCCCCCC(=O)OCC(COP(=O)(O)OCCN)OC(=O)CCCCCCCCCCCCCCC,C38H76NO8P
AllCCS00111100,[M-H]-,281.7,782.5705,CCCCCCCC=CCCCCCCCC(=O)OCC(COP(=O)(O)OCCN)OC(=O)CCCCCCCCCCCC=CCC=CCCCCC,C44H82NO8P
AllCCS00111135,[M-H]-,273.2,732.5549,CCCCCCCCCCCCCCCCCC(=O)OCC(COP(=O)(O)OCCN)OC(=O)CCCCCCCCCCCCCCCC,C40H80NO8P
AllCCS00111136,[M+H]+,279.4,732.5538,CCCCCCCCCCCCCCCCCC(=O)OCC(COP(=O)(O)OCCN)OC(=O)CCCCCCCC=CCCCCCCC,C40H78NO8P
AllCCS00111299,[M-H]-,270.4,748.4923,CCCCCCCC=CCCCCCCCC(=O)OC(COC(=O)CCCC=CCC=CCC=CCC=CCC=CCC)COP(=O)(O)OCCN,C42H72NO8P
AllCCS00111332,[M-H]-,284.3,786.6018,CCCCCCCCCCCCCCCCCCCCCC(=O)OCC(COP(=O)(O)OCCN)OC(=O)CCCCCCCC=CCCCCCCC,C44H86NO8P
AllCCS00111423,[M-H]-,265.8,702.5079,CCCCCCCCCCCCCCCC(=O)OCC(COP(=O)(O)OCCN)OC(=O)CCCCCCCC=CCCCCCCC,C38H74NO8P
AllCCS00111485,[M-H]-,273.1,730.5756,CCCCCCCCCCCCCCCCCCOCC(COP(=O)(O)OCCN)OC(=O)CCCCCCCC=CCCCCCCCC,C41H82NO7P
AllCCS00111546,[M-H]-,266.7,688.5286,CCCCCCCCCCCCCCCCC(=O)OC(COC=CCCCCCCCCCCCCCC)COP(=O)(O)OCCN,C38H76NO7P
AllCCS00111547,[M-H]-,264.8,686.513,CCCCCCCCCCCCCCC=COCC(COP(=O)(O)OCCN)OC(=O)CCCCCCCC=CCCCCCCC,C38H74NO7P
AllCCS00111557,[M-H]-,271.1,714.5443,CCCCCCCCCCCCCCCCC=COCC(COP(=O)(O)OCCN)OC(=O)CCCCCCCC=CCCCCCCC,C40H78NO7P
AllCCS00111592,[M+H]+,294.8,808.6215,CCCCCCCCCCCCCCCCCCC=COCC(COP(=O)(O)OCCN)OC(=O)CCCCCC=CCC=CCC=CCC=CCCCCC,C47H86NO7P
AllCCS00111602,[M-H]-,211.0,464.2782,CCCCCCCC=CCCCCCCCC(=O)OCC(COP(=O)(O)OCCN)O,C22H44NO7P
AllCCS00111608,[M-H]-,221.3,494.3252,CCCCCCCCCCCCCCCCCCC(=O)OCC(COP(=O)(O)OCCN)O,C24H50NO7P
AllCCS00111644,[M+H]+,221.5,466.3292,CCCCCCCCCCCCCCCCC=COCC(COP(=O)(O)OCCN)O,C23H48NO6P
AllCCS00111646,[M+H]+,229.2,494.3605,CCCCCCCCCCCCCCCCCCC=COCC(COP(=O)(O)OCCN)O,C25H52NO6P
AllCCS00112431,[M-H]-,258.9,665.4399,CCCCCCCCCCCCCC(=O)OCC(COP(=O)(O)OCC(CO)O)OC(=O)CCCCCCCCCCCCC,C34H67O10P
AllCCS00112435,[M-H]-,264.7,693.4712,CCCCCCCCCCCCCCC(=O)OCC(COP(=O)(O)OCC(CO)O)OC(=O)CCCCCCCCCCCCCC,C36H71O10P
AllCCS00113491,[M-H]-,217.0,483.2728,CCCCCCCCCCCCCCCC(=O)OCC(COP(=O)(O)OCC(CO)O)O,C22H45O9P
AllCCS00116969,[M-H]-,163.8,267.0663,COC1=CC2=C(C=C1)C(=O)C=C(O2)C3=CC=C(C=C3)O,C16H12O4
AllCCS00117885,[M-H]-,165.8,299.0561,COC1=C(C(=C2C(=C1)OC(=CC2=O)C3=CC=C(C=C3)O)O)O,C16H12O6
AllCCS00118155,[M-H]-,191.1,389.0878,COC1=C(C=C(C=C1O)C2=CC(=O)C3=C(C(=C(C(=C3O2)OC)OC)OC)O)O,C19H18O9
AllCCS00118156,[M-H]-,192.8,389.0878,COC1=CC(=CC(=C1OC)O)C2=CC(=O)C3=C(C(=C(C(=C3O2)OC)O)OC)O,C19H18O9
AllCCS00120117,[M-H]-,167.2,287.0561,C1C(OC2=CC(=C(C=C2C1=O)O)O)C3=CC(=C(C=C3)O)O,C15H12O6
AllCCS00120279,[M-H]-,182.9,339.1238,CC(=CCC1=C2C(=C(C=C1O)O)C(=O)CC(O2)C3=CC=C(C=C3)O)C,C20H20O5
AllCCS00120532,[M-H]-,175.1,299.0925,COC1=CC=C(C=C1)C2CC(=O)C3=C(C=C(C=C3O2)OC)O,C17H16O5
AllCCS00120549,[M-H]-,173.6,299.0925,COC1=CC2=C(C(=O)CC(O2)C3=CC=C(C=C3)O)C(=C1)OC,C17H16O5
AllCCS00121143,[M-H]-,224.1,487.3429,CC1(CCC2(CCC3(C(=CCC4C3(CCC5C4(CC(C(C5(C)CO)O)O)C)C)C2C1)C)C(=O)O)C,C30H48O5
AllCCS00121153,[M-H]-,221.4,455.353,CC1(CCC2(CCC3(C(=CCC4C3(CCC5C4(CCC(C5(C)C(=O)O)O)C)C)C2C1)C)C)C,C30H48O3
AllCCS00121159,[M-H]-,226.2,501.3221,CC1(CCC2(CCC3(C(=CCC4C3(CCC5C4(CC(C(C5(C)C(=O)O)O)O)C)C)C2C1)C)C(=O)O)C,C30H46O6
AllCCS00121566,[M+H]+,250.7,536.5037,CCCCCCCCCCCCCCCC(=O)NC(CO)C(C=CCCCCCCCCC=CCCC)O,C34H65NO3
AllCCS00121568,[M+H]+,264.8,592.5663,CCCCCCCCCCCCCCCCCCCC(=O)NC(CO)C(C=CCCCCCCCCC=CCCC)O,C38H73NO3
AllCCS00121572,[M+H]+,274.0,634.6133,CCCCCCCCCCCCCCCCCCCCCCC(=O)NC(CO)C(C=CCCCCCCCCC=CCCC)O,C41H79NO3
AllCCS00121579,[M+H]+,262.9,566.5507,CCCCCCCCCCCCCCCCCCCCCC(=O)NC(CO)C(C=CCCCCCCCCC)O,C36H71NO3
AllCCS00121581,[M+H]+,269.4,594.582,CCCCCCCCCCCCCCCCCCCCCCCC(=O)NC(CO)C(C=CCCCCCCCCC)O,C38H75NO3
AllCCS00121583,[M+H]+,275.4,622.6133,CCCCCCCCCCCCCCCCCCCCCCCCCC(=O)NC(CO)C(C=CCCCCCCCCC)O,C40H79NO3
AllCCS00121671,[M+H]+,284.7,668.6552,CCCCCCCCCCCCCCCCCCCCCCCC(=O)NC(CO)C(C(CCCCCCCCCCCCCC)O)O,C42H85NO4
AllCCS00121678,[M+H]+,278.2,640.6239,CCCCCCCCCCCCCCCCCCCC(=O)NC(CO)C(C(CCCCCCCCCCCCCCCC)O)O,C40H81NO4
AllCCS00122031,[M+H]+,287.3,728.6035,CCCCCCCCCCCCCCCCCC(=O)NC(COC1C(C(C(C(O1)CO)O)O)O)C(C=CCCCCCCCCCCCCC)O,C42H81NO8
AllCCS00122033,[M+H]+,297.7,784.6661,CCCCCCCCCCCCCCCCCCCCCC(=O)NC(COC1C(C(C(C(O1)CO)O)O)O)C(C=CCCCCCCCCCCCCC)O,C46H89NO8
AllCCS00175104,[M-H]-,219.4,471.348,CC1CCC2(CCC3(C(=CCC4C3(CCC5C4(CC(C(C5(C)C)O)O)C)C)C2C1C)C)C(=O)O,C30H48O4
AllCCS00178963,[M-H]-,201.0,413.2697,CC(C)CC(=O)C1=C(C(=C(C(C1=O)(CC=C(C)C)CC=C(C)C)O)CC=C(C)C)O,C26H38O4
AllCCS00180439,[M-H]-,219.7,471.348,CC1CCC2(CCC3(C(=CCC4C3(CCC5C4(CC(C(C5(C)C)O)O)C)C)C2C1C)C)C(=O)O,C30H48O4
AllCCS00190974,[M-H]-,229.9,577.1563,CC1C(C(C(C(O1)OCC2C(C(C(C(O2)OC3=CC(=C4C(=C3)OC(=CC4=O)C5=CC=C(C=C5)O)O)O)O)O)O)O)O,C27H30O14
AllCCS00191609,[M-H]-,180.8,323.1289,CC(=CCC1=C(C=CC2=C1OC(CC2=O)C3=CC=C(C=C3)O)O)C,C20H20O4
AllCCS00198606,[M-H]-,154.7,253.0506,C1=CC=C2C(=C1)C(=O)C=C(O2)C3=CC(=C(C=C3)O)O,C15H10O4
AllCCS00222490,[M-H]-,216.7,447.1296,COC1=CC=C(C=C1)C2CC(=O)C3=C(C=C(C=C3O2)OC4C(C(C(C(O4)CO)O)O)O)O,C22H24O10
AllCCS00232983,[M-H]-,156.0,269.0455,C1=CC(=C2C(=C1)OC(=CC2=O)C3=CC(=C(C=C3)O)O)O,C15H10O5
AllCCS00260646,[M-H]-,164.3,287.0561,C1C(OC2=C(C1=O)C=CC(=C2O)O)C3=CC(=C(C=C3)O)O,C15H12O6
AllCCS00264408,[M-H]-,193.4,451.1246,C1=CC(=C(C=C1CCC(=O)C2=C(C=C(C(=C2O)C3C(C(C(C(O3)CO)O)O)O)O)O)O)O,C21H24O11
AllCCS00271696,[M-H]-,208.3,447.0933,C1=CC(=CC=C1C2=C(C(=O)C3=C(C=C(C=C3O2)OC4C(C(C(C(O4)CO)O)O)O)O)O)O,C21H20O11
AllCCS00281083,[M-H]-,164.9,267.0663,COC1=CC=C(C=C1)C2=CC(=O)C3=C(O2)C=C(C=C3)O,C16H12O4
AllCCS00327476,[M-H]-,166.8,283.0612,COC1=CC=CC=C1C2=CC(=O)C3=C(C=C(C=C3O2)O)O,C16H12O5
AllCCS00343103,[M-H]-,161.5,285.0404,C1=CC(=C(C=C1O)O)C2=C(C(=O)C3=C(O2)C=CC(=C3)O)O,C15H10O6
AllCCS00343104,[M-H]-,162.3,285.0404,C1=CC(=C(C=C1C2=C(C(=O)C3=C(O2)C=CC(=C3)O)O)O)O,C15H10O6
AllCCS00467887,[M-H]-,168.1,285.0768,COC1=CC(=C2C(=O)CC(OC2=C1)C3=CC=C(C=C3)O)O,C16H14O5
AllCCS00634707,[M-H]-,187.9,361.202,CC(C)CC(=O)C1=C(C(=C(C(C1=O)(CC=C(C)C)O)O)CC=C(C)C)O,C21H30O5
AllCCS01759982,[M+H]+,240.2,552.366,CCCCCCCCCCCCCCCCC(=O)OC(COC(=O)C)COP(=O)([O-])OCC[N+](C)(C)C,C27H54NO8P
AllCCS01760021,[M+H]+,259.9,622.4443,CCCCCCCCCCCCCCCCCCCCCC(=O)OC(COC(=O)C)COP(=O)([O-])OCC[N+](C)(C)C,C32H64NO8P
AllCCS01760030,[M+H]+,267.4,650.4756,CCCCCCCCCCCCCCCCCCCCCCCC(=O)OC(COC(=O)C)COP(=O)([O-])OCC[N+](C)(C)C,C34H68NO8P
AllCCS01760033,[M+H]+,270.4,664.4912,CCCCCCCCCCCCCCCCCCCCCCCCC(=O)OC(COC(=O)C)COP(=O)([O-])OCC[N+](C)(C)C,C35H70NO8P
AllCCS01760034,[M+H]+,274.1,678.5069,CCCCCCCCCCCCCCCCCCCCCCCCCC(=O)OC(COC(=O)C)COP(=O)([O-])OCC[N+](C)(C)C,C36H72NO8P
AllCCS01760039,[M+H]+,276.9,692.5225,CCCCCCCCCCCCCCCCCCCCCCCCCCC(=O)OC(COC(=O)C)COP(=O)([O-])OCC[N+](C)(C)C,C37H74NO8P
AllCCS01760039,[M+Na]+,280.6,714.5044,CCCCCCCCCCCCCCCCCCCCCCCCCCC(=O)OC(COC(=O)C)COP(=O)([O-])OCC[N+](C)(C)C,C37H74NO8P
AllCCS01760705,[M+H]+,275.0,700.4912,CCCCCCCCCC(=O)OCC(COP(=O)([O-])OCC[N+](C)(C)C)OC(=O)CCCC=CCC=CCC=CCCCCCCCC,C38H70NO8P
AllCCS01760722,[M+H]+,281.7,754.5382,CCCCCCCCCC=CCC=CCC=CCC=CCCCC(=O)OC(COC(=O)CCCCCCCCC)COP(=O)([O-])OCC[N+](C)(C)C,C42H76NO8P
AllCCS01760722,[M+Na]+,284.1,776.5201,CCCCCCCCCC=CCC=CCC=CCC=CCCCC(=O)OC(COC(=O)CCCCCCCCC)COP(=O)([O-])OCC[N+](C)(C)C,C42H76NO8P
AllCCS01760806,[M+H]+,297.3,802.6321,CCCCCCCCCCCCCCCCCCCCC=CCCCC(=O)OC(COC(=O)CCCCCCCCCC)COP(=O)([O-])OCC[N+](C)(C)C,C45H88NO8P
AllCCS01760851,[M+H]+,277.8,728.5225,CCCCCCCCCCCC(=O)OCC(COP(=O)([O-])OCC[N+](C)(C)C)OC(=O)CCCC=CCC=CCC=CCCCCCCCC,C40H74NO8P
AllCCS01760851,[M+Na]+,279.3,750.5044,CCCCCCCCCCCC(=O)OCC(COP(=O)([O-])OCC[N+](C)(C)C)OC(=O)CCCC=CCC=CCC=CCCCCCCCC,C40H74NO8P
AllCCS01760858,[M+H]+,279.2,752.5225,CCCCCCCCCCCC(=O)OCC(COP(=O)([O-])OCC[N+](C)(C)C)OC(=O)CCC=CCC=CCC=CCC=CCC=CCCCCC,C42H74NO8P
AllCCS01760910,[M+H]+,280.6,742.5382,CCCCCCCCCCCCC(=O)OCC(COP(=O)([O-])OCC[N+](C)(C)C)OC(=O)CCCC=CCC=CCC=CCCCCCCCC,C41H76NO8P
AllCCS01760917,[M+H]+,282.6,766.5382,CCCCCCCCCCCCC(=O)OCC(COP(=O)([O-])OCC[N+](C)(C)C)OC(=O)CCC=CCC=CCC=CCC=CCC=CCCCCC,C43H76NO8P
AllCCS01760924,[M+H]+,303.7,830.6634,CCCCCCCCCCCCCCCCCCCCC=CCCCC(=O)OC(COC(=O)CCCCCCCCCCCC)COP(=O)([O-])OCC[N+](C)(C)C,C47H92NO8P
AllCCS01760925,[M+H]+,300.8,828.6477,CCCCCCCCCCCCCCCCC=CCCC=CCCCC(=O)OC(COC(=O)CCCCCCCCCCCC)COP(=O)([O-])OCC[N+](C)(C)C,C47H90NO8P
AllCCS01760976,[M+H]+,306.5,844.679,CCCCCCCCCCCCCCCCCCCCC=CCCCC(=O)OC(COC(=O)CCCCCCCCCCCCC)COP(=O)([O-])OCC[N+](C)(C)C,C48H94NO8P
AllCCS01760977,[M+H]+,303.9,842.6634,CCCCCCCCCCCCCCCCC=CCCC=CCCCC(=O)OC(COC(=O)CCCCCCCCCCCCC)COP(=O)([O-])OCC[N+](C)(C)C,C48H92NO8P
AllCCS01760977,[M+Na]+,306.3,864.6453,CCCCCCCCCCCCCCCCC=CCCC=CCCCC(=O)OC(COC(=O)CCCCCCCCCCCCC)COP(=O)([O-])OCC[N+](C)(C)C,C48H92NO8P
AllCCS01761032,[M+H]+,301.8,840.6477,CCCCCCCCCCCCCCCCC=CCCC=CCCCC(=O)OC(COC(=O)CCCCCCCC=CCCCC)COP(=O)([O-])OCC[N+](C)(C)C,C48H90NO8P
AllCCS01761083,[M+H]+,298.1,824.6164,CCCCCCCCCCCCCCC(=O)OCC(COP(=O)([O-])OCC[N+](C)(C)C)OC(=O)CCCC=CCC=CCC=CCC=CCCCCCCCCC,C47H86NO8P
AllCCS01761145,[M+H]+,295.1,822.6008,CCCCCCCCCC=CCC=CCC=CCC=CCCCC(=O)OC(COC(=O)CCCCCCCC=CCCCCC)COP(=O)([O-])OCC[N+](C)(C)C,C47H84NO8P
AllCCS01761188,[M+H]+,310.3,870.6947,CCCCCCCCCCCCCCCCC=CCCC=CCCCC(=O)OC(COC(=O)CCCCCCCCCCCCCCC)COP(=O)([O-])OCC[N+](C)(C)C,C50H96NO8P
AllCCS01761220,[M+Na]+,281.9,752.5201,CCCCCCCCC=CCCCCCC(=O)OCC(COP(=O)([O-])OCC[N+](C)(C)C)OC(=O)CCCCCC=CCCCCCCCC,C40H76NO8P
AllCCS01761276,[M+H]+,307.9,868.679,CCCCCCCCCCCCCCCCC=CCCC=CCCCC(=O)OC(COC(=O)CCCCCC=CCCCCCCCC)COP(=O)([O-])OCC[N+](C)(C)C,C50H94NO8P
AllCCS01761386,[M+H]+,312.5,884.7103,CCCCCCCCCCCCCCCCC=CCCC=CCCCC(=O)OC(COC(=O)CCCCCCCCCCCCCCCC)COP(=O)([O-])OCC[N+](C)(C)C,C51H98NO8P
AllCCS01761549,[M+H]+,306.6,866.6634,CCCCCCCCCCCCCCCCCC(=O)OCC(COP(=O)([O-])OCC[N+](C)(C)C)OC(=O)CCCC=CCC=CCC=CCC=CCCCCCCCCC,C50H92NO8P
AllCCS01761585,[M+Na]+,288.8,780.5514,CCCCCCCCC=CCCCCCC(=O)OC(COC(=O)CCCCCCCCCC=CCCCCCC)COP(=O)([O-])OCC[N+](C)(C)C,C42H80NO8P
AllCCS01761599,[M+Na]+,291.7,806.567,CCCCCCCCCCCCCC=CC=CC(=O)OC(COC(=O)CCCCCCCCCC=CCCCCCC)COP(=O)([O-])OCC[N+](C)(C)C,C44H82NO8P
AllCCS01761619,[M+Na]+,295.0,830.567,CCCCCCC=CCCCCCCCCCC(=O)OCC(COP(=O)([O-])OCC[N+](C)(C)C)OC(=O)CCCC=CCC=CCC=CCC=CCCCCC,C46H82NO8P
AllCCS01761641,[M+H]+,313.5,896.7103,CCCCCCCCCCCCCCCCC=CCCC=CCCCC(=O)OC(COC(=O)CCCCCCCCCC=CCCCCCC)COP(=O)([O-])OCC[N+](C)(C)C,C52H98NO8P
AllCCS01762383,[M+H]+,310.4,894.6947,CCCCCCCCCCCCCCCCC=CCCC=CCCCC(=O)OC(COC(=O)C=CC=CCCCCCCCCCCCCC)COP(=O)([O-])OCC[N+](C)(C)C,C52H96NO8P
AllCCS01762849,[M+H]+,300.6,860.6164,CCCCCCCCCC=CCC=CCC=CCC=CCCCC(=O)OC(COC(=O)CCCCC=CCC=CCC=CCCCCC)COP(=O)([O-])OCC[N+](C)(C)C,C50H86NO8P
AllCCS01762959,[M+H]+,298.0,858.6008,CCCCCCCCCC=CCC=CCC=CCC=CCCCC(=O)OC(COC(=O)CCCCC=CCC=CCC=CCC=CCC)COP(=O)([O-])OCC[N+](C)(C)C,C50H84NO8P
AllCCS01763784,[M+Na]+,298.1,832.5827,CCCCCCCCCCCCCCCCCC(=O)OC(COC(=O)CCCC=CCC=CCC=CCC=CCCCCC)COP(=O)([O-])OCC[N+](C)(C)C,C46H84NO8P
AllCCS01763836,[M+H]+,314.4,918.6947,CCCCCCCCCCCCCCCCC=CCCC=CCCCC(=O)OC(COC(=O)CCCC=CCC=CCC=CCC=CCCCCC)COP(=O)([O-])OCC[N+](C)(C)C,C54H96NO8P
AllCCS01764592,[M+H]+,318.5,946.726,CCCCCCCCCCCCCCCCC=CCCC=CCCCC(=O)OC(COC(=O)CCCCCC=CCC=CCC=CCC=CCCCCC)COP(=O)([O-])OCC[N+](C)(C)C,C56H100NO8P
AllCCS01764655,[M+H]+,317.7,944.7103,CCCCCCCCCCCCCCCCC=CCCC=CCCCC(=O)OC(COC(=O)CCC=CCC=CCC=CCC=CCC=CCCCCC)COP(=O)([O-])OCC[N+](C)(C)C,C56H98NO8P
AllCCS01766941,[M+H]+,306.1,816.6841,CCCCCCCCCCCCCCCCCCCCCCC(=O)OC(COC=CCCCCCCCCCCCCCC)COP(=O)([O-])OCC[N+](C)(C)C,C47H94NO7P
AllCCS01766942,[M+H]+,307.8,830.6997,CCCCCCCCCCCCCCCCCCCCCCCC(=O)OC(COC=CCCCCCCCCCCCCCC)COP(=O)([O-])OCC[N+](C)(C)C,C48H96NO7P
AllCCS01766945,[M+H]+,314.2,858.731,CCCCCCCCCCCCCCCCCCCCCCCCCC(=O)OC(COC=CCCCCCCCCCCCCCC)COP(=O)([O-])OCC[N+](C)(C)C,C50H100NO7P
AllCCS01767378,[M+H]+,311.5,878.6997,CCCCCCCCCCCCCCCCCCC=COCC(COP(=O)([O-])OCC[N+](C)(C)C)OC(=O)CCCC=CCC=CCC=CCC=CCCCCCCCCC,C52H96NO7P
AllCCS01767378,[M+Na]+,312.9,900.6816,CCCCCCCCCCCCCCCCCCC=COCC(COP(=O)([O-])OCC[N+](C)(C)C)OC(=O)CCCC=CCC=CCC=CCC=CCCCCCCCCC,C52H96NO7P
AllCCS01767881,[M+H]+,273.0,650.5119,CCCCCCCCCCCCCCCCCCCCCCCCCCC(=O)OCC(COP(=O)([O-])OCC[N+](C)(C)C)O,C35H72NO7P
AllCCS01767882,[M+H]+,277.9,678.5432,CCCCCCCCCCCCCCCCCCCCCCCCCCCCC(=O)OCC(COP(=O)([O-])OCC[N+](C)(C)C)O,C37H76NO7P
AllCCS01767883,[M+H]+,281.8,692.5589,CCCCCCCCCCCCCCCCCCCCCCCCCCCCCC(=O)OCC(COP(=O)([O-])OCC[N+](C)(C)C)O,C38H78NO7P
AllCCS01767883,[M+Na]+,283.3,714.5408,CCCCCCCCCCCCCCCCCCCCCCCCCCCCCC(=O)OCC(COP(=O)([O-])OCC[N+](C)(C)C)O,C38H78NO7P
AllCCS01767884,[M+H]+,283.9,706.5745,CCCCCCCCCCCCCCCCCCCCCCCCCCCCCCC(=O)OCC(COP(=O)([O-])OCC[N+](C)(C)C)O,C39H80NO7P
AllCCS01767885,[M+H]+,287.6,720.5902,CCCCCCCCCCCCCCCCCCCCCCCCCCCCCCCC(=O)OCC(COP(=O)([O-])OCC[N+](C)(C)C)O,C40H82NO7P
AllCCS01767886,[M+H]+,291.8,734.6058,CCCCCCCCCCCCCCCCCCCCCCCCCCCCCCCCC(=O)OCC(COP(=O)([O-])OCC[N+](C)(C)C)O,C41H84NO7P
AllCCS01767886,[M+Na]+,291.4,756.5877,CCCCCCCCCCCCCCCCCCCCCCCCCCCCCCCCC(=O)OCC(COP(=O)([O-])OCC[N+](C)(C)C)O,C41H84NO7P
AllCCS01767887,[M+H]+,293.7,748.6215,CCCCCCCCCCCCCCCCCCCCCCCCCCCCCCCCCC(=O)OCC(COP(=O)([O-])OCC[N+](C)(C)C)O,C42H86NO7P
AllCCS01767888,[M+H]+,296.2,762.6371,CCCCCCCCCCCCCCCCCCCCCCCCCCCCCCCCCCC(=O)OCC(COP(=O)([O-])OCC[N+](C)(C)C)O,C43H88NO7P
AllCCS01767889,[M+H]+,299.0,776.6528,CCCCCCCCCCCCCCCCCCCCCCCCCCCCCCCCCCCC(=O)OCC(COP(=O)([O-])OCC[N+](C)(C)C)O,C44H90NO7P
AllCCS01767889,[M+Na]+,300.4,798.6347,CCCCCCCCCCCCCCCCCCCCCCCCCCCCCCCCCCCC(=O)OCC(COP(=O)([O-])OCC[N+](C)(C)C)O,C44H90NO7P
AllCCS01767891,[M+H]+,305.1,804.6841,CCCCCCCCCCCCCCCCCCCCCCCCCCCCCCCCCCCCCC(=O)OCC(COP(=O)([O-])OCC[N+](C)(C)C)O,C46H94NO7P
AllCCS01767907,[M+H]+,220.3,482.2878,CCCCCCCCCCCCCCC(=O)OC(COC(=O)C)COP(=O)(O)OCCN,C22H44NO8P
AllCCS01768689,[M+H]+,272.2,712.4912,CCCCCCCCCC=CCC=CCC=CCC=CCCCC(=O)OC(COC(=O)CCCCCCCCC)COP(=O)(O)OCCN,C39H70NO8P
AllCCS01768784,[M-H]-,276.9,756.5549,CCCCCCCCCCCCCCCCC=CCCC=CCCCC(=O)OC(COC(=O)CCCCCCCCCC)COP(=O)(O)OCCN,C42H80NO8P
AllCCS01768836,[M+H]+,267.1,710.4756,CCCCCCCCCCCC(=O)OCC(COP(=O)(O)OCCN)OC(=O)CCC=CCC=CCC=CCC=CCC=CCCCCC,C39H68NO8P
AllCCS01768836,[M-H]-,263.5,708.461,CCCCCCCCCCCC(=O)OCC(COP(=O)(O)OCCN)OC(=O)CCC=CCC=CCC=CCC=CCC=CCCCCC,C39H68NO8P
AllCCS01768845,[M+H]+,289.1,774.6008,CCCCCCCCCCCCCCCCCCCCC=CCCCC(=O)OC(COC(=O)CCCCCCCCCCC)COP(=O)(O)OCCN,C43H84NO8P
AllCCS01768845,[M-H]-,281.7,772.5862,CCCCCCCCCCCCCCCCCCCCC=CCCCC(=O)OC(COC(=O)CCCCCCCCCCC)COP(=O)(O)OCCN,C43H84NO8P
AllCCS01768904,[M+H]+,280.8,754.5382,CCCCCCCCCCCCC(=O)OCC(COP(=O)(O)OCCN)OC(=O)CCCC=CCC=CCC=CCC=CCCCCCCCCC,C42H76NO8P
AllCCS01768908,[M+H]+,289.3,786.6008,CCCCCCCCCCCCCCCCC=CCCC=CCCCC(=O)OC(COC(=O)CCCCCCCCCCCC)COP(=O)(O)OCCN,C44H84NO8P
AllCCS01768908,[M-H]-,282.7,784.5862,CCCCCCCCCCCCCCCCC=CCCC=CCCCC(=O)OC(COC(=O)CCCCCCCCCCCC)COP(=O)(O)OCCN,C44H84NO8P
AllCCS01768952,[M-H]-,264.4,710.4766,CCCCCCCCCCCCCC(=O)OCC(COP(=O)(O)OCCN)OC(=O)CCCC=CCC=CCC=CCC=CCCCCC,C39H70NO8P
AllCCS01768962,[M+H]+,295.0,802.6321,CCCCCCCCCCCCCCCCCCCCC=CCCCC(=O)OC(COC(=O)CCCCCCCCCCCCC)COP(=O)(O)OCCN,C45H88NO8P
AllCCS01768962,[M-H]-,288.0,800.6175,CCCCCCCCCCCCCCCCCCCCC=CCCCC(=O)OC(COC(=O)CCCCCCCCCCCCC)COP(=O)(O)OCCN,C45H88NO8P
AllCCS01768989,[M-H]-,254.6,658.4453,CCCCCCCCC=CCCCCCC(=O)OC(COC(=O)CCCCCCCC=CCCCC)COP(=O)(O)OCCN,C35H66NO8P
AllCCS01769044,[M-H]-,258.6,674.4766,CCCCCCCCCCCCCCC(=O)OCC(COP(=O)(O)OCCN)OC(=O)CCCCCC=CCCCCCCCC,C36H70NO8P
AllCCS01769062,[M-H]-,267.8,724.4923,CCCCCCCCCCCCCCC(=O)OCC(COP(=O)(O)OCCN)OC(=O)CCCC=CCC=CCC=CCC=CCCCCC,C40H72NO8P
AllCCS01769069,[M+H]+,287.2,782.5695,CCCCCCCCCCCCCCC(=O)OCC(COP(=O)(O)OCCN)OC(=O)CCCC=CCC=CCC=CCC=CCCCCCCCCC,C44H80NO8P
AllCCS01769131,[M-H]-,278.9,778.5392,CCCCCCCCCC=CCC=CCC=CCC=CCCCC(=O)OC(COC(=O)CCCCCCCC=CCCCCC)COP(=O)(O)OCCN,C44H78NO8P
AllCCS01769161,[M-H]-,262.0,688.4923,CCCCCCCCCCCCCCCC(=O)OCC(COP(=O)(O)OCCN)OC(=O)CCCCCC=CCCCCCCCC,C37H72NO8P
AllCCS01769162,[M-H]-,268.7,716.5236,CCCCCCCCCCCCCCCC(=O)OCC(COP(=O)(O)OCCN)OC(=O)CCCCCCCCCC=CCCCCCC,C39H76NO8P
AllCCS01769168,[M-H]-,266.7,714.5079,CCCCCCCCCCCCCCCC(=O)OCC(COP(=O)(O)OCCN)OC(=O)C=CC=CCCCCCCCCCCCCC,C39H74NO8P
AllCCS01769178,[M-H]-,270.9,738.5079,CCCCCCCCCCCCCCCC(=O)OCC(COP(=O)(O)OCCN)OC(=O)CCCC=CCC=CCC=CCC=CCCCCC,C41H74NO8P
AllCCS01769217,[M-H]-,255.7,660.461,CCCCCCCCCCCCCC(=O)OC(COC(=O)CCCCCC=CCCCCCCCC)COP(=O)(O)OCCN,C35H68NO8P
AllCCS01769221,[M-H]-,262.0,688.4923,CCCCCCCCCCCCCCCC(=O)OC(COC(=O)CCCCCC=CCCCCCCCC)COP(=O)(O)OCCN,C37H72NO8P
AllCCS01769222,[M+H]+,264.5,688.4912,CCCCCCCCC=CCCCCCC(=O)OCC(COP(=O)(O)OCCN)OC(=O)CCCCCC=CCCCCCCCC,C37H70NO8P
AllCCS01769222,[M-H]-,260.2,686.4766,CCCCCCCCC=CCCCCCC(=O)OCC(COP(=O)(O)OCCN)OC(=O)CCCCCC=CCCCCCCCC,C37H70NO8P
AllCCS01769225,[M-H]-,263.6,700.4923,CCCCCCCCC=CCCCCCC(=O)OCC(COP(=O)(O)OCCN)OC(=O)CCCCCCCC=CCCCCCCC,C38H72NO8P
AllCCS01769228,[M-H]-,266.8,714.5079,CCCCCCCCC=CCCCCCC(=O)OCC(COP(=O)(O)OCCN)OC(=O)CCCCCCCCCC=CCCCCCC,C39H74NO8P
AllCCS01769237,[M-H]-,265.2,712.4923,CCCCCCCCCCCCCC=CC=CC(=O)OC(COC(=O)CCCCCC=CCCCCCCCC)COP(=O)(O)OCCN,C39H72NO8P
AllCCS01769257,[M-H]-,269.6,736.4923,CCCCCCCCC=CCCCCCC(=O)OCC(COP(=O)(O)OCCN)OC(=O)CCCC=CCC=CCC=CCC=CCCCCC,C41H72NO8P
AllCCS01769263,[M-H]-,267.7,734.4766,CCCCCCCCC=CCCCCCC(=O)OCC(COP(=O)(O)OCCN)OC(=O)CCCC=CCC=CCC=CCC=CCC=CCC,C41H70NO8P
AllCCS01769280,[M-H]-,291.7,824.6175,CCCCCCCCCCCCCCCCC=CCCC=CCCCC(=O)OC(COC(=O)CCCCCC=CCCCCCCCC)COP(=O)(O)OCCN,C47H88NO8P
AllCCS01769370,[M-H]-,269.9,728.5236,CCCCCCCCCCCCCCCCC(=O)OCC(COP(=O)(O)OCCN)OC(=O)C=CC=CCCCCCCCCCCCCC,C40H76NO8P
AllCCS01769381,[M-H]-,273.9,752.5236,CCCCCCCCCCCCCCCCC(=O)OCC(COP(=O)(O)OCCN)OC(=O)CCCC=CCC=CCC=CCC=CCCCCC,C42H76NO8P
AllCCS01769424,[M-H]-,269.9,728.5236,CCCCCCCC=CCCCCCCCC(=O)OCC(COP(=O)(O)OCCN)OC(=O)CCCCCCCCCC=CCCCCCC,C40H76NO8P
AllCCS01769443,[M-H]-,271.9,750.5079,CCCCCCCC=CCCCCCCCC(=O)OCC(COP(=O)(O)OCCN)OC(=O)CCCC=CCC=CCC=CCC=CCCCCC,C42H74NO8P
AllCCS01769517,[M+H]+,289.2,806.5695,CCCCCCCCCC=CCC=CCC=CCC=CCCCC(=O)OC(COC(=O)CCCCCCCC=CCC=CCCCC)COP(=O)(O)OCCN,C46H80NO8P
AllCCS01769517,[M-H]-,284.7,804.5549,CCCCCCCCCC=CCC=CCC=CCC=CCCCC(=O)OC(COC(=O)CCCCCCCC=CCC=CCCCC)COP(=O)(O)OCCN,C46H80NO8P
AllCCS01769547,[M-H]-,275.3,744.5549,CCCCCCCCCCCCCCCCCC(=O)OCC(COP(=O)(O)OCCN)OC(=O)CCCCCCCCCC=CCCCCCC,C41H80NO8P
AllCCS01769553,[M-H]-,273.0,742.5392,CCCCCCCCCCCCCCCCCC(=O)OCC(COP(=O)(O)OCCN)OC(=O)C=CC=CCCCCCCCCCCCCC,C41H78NO8P
AllCCS01769559,[M-H]-,281.7,772.5862,CCCCCCCCCCCCCCCCCC(=O)OCC(COP(=O)(O)OCCN)OC(=O)CCCCCCCCCC=CCCCCCCCC,C43H84NO8P
AllCCS01769606,[M-H]-,266.8,714.5079,CCCCCCCCC=CCCCCCC(=O)OC(COC(=O)CCCCCCCCCC=CCCCCCC)COP(=O)(O)OCCN,C39H74NO8P
AllCCS01769611,[M+H]+,282.5,746.5695,CCCCCCCCCCCCCCCCCC(=O)OC(COC(=O)CCCCCCCCCC=CCCCCCC)COP(=O)(O)OCCN,C41H80NO8P
AllCCS01769612,[M+H]+,279.3,744.5538,CCCCCCC=CCCCCCCCCCC(=O)OCC(COP(=O)(O)OCCN)OC(=O)CCCCCCCCCC=CCCCCCC,C41H78NO8P
AllCCS01769612,[M-H]-,273.4,742.5392,CCCCCCC=CCCCCCCCCCC(=O)OCC(COP(=O)(O)OCCN)OC(=O)CCCCCCCCCC=CCCCCCC,C41H78NO8P
AllCCS01769621,[M-H]-,271.5,740.5236,CCCCCCCCCCCCCC=CC=CC(=O)OC(COC(=O)CCCCCCCCCC=CCCCCCC)COP(=O)(O)OCCN,C41H76NO8P
AllCCS01769633,[M-H]-,280.6,770.5705,CCCCCCCCC=CCCCCCCCCCC(=O)OC(COC(=O)CCCCCCCCCC=CCCCCCC)COP(=O)(O)OCCN,C43H82NO8P
AllCCS01769641,[M-H]-,275.7,764.5236,CCCCCCC=CCCCCCCCCCC(=O)OCC(COP(=O)(O)OCCN)OC(=O)CCCC=CCC=CCC=CCC=CCCCCC,C43H76NO8P
AllCCS01769647,[M-H]-,273.3,762.5079,CCCCCCC=CCCCCCCCCCC(=O)OCC(COP(=O)(O)OCCN)OC(=O)CCCC=CCC=CCC=CCC=CCC=CCC,C43H74NO8P
AllCCS01769652,[M-H]-,279.9,790.5392,CCCCCCC=CCCCCCCCCCC(=O)OCC(COP(=O)(O)OCCN)OC(=O)CCC=CCC=CCC=CCC=CCC=CCCCCC,C45H78NO8P
AllCCS01769656,[M-H]-,290.8,814.6331,CCCCCCCCCCCCCCCCCCCCCCC(=O)OC(COC(=O)CCCCCCCCCC=CCCCCCC)COP(=O)(O)OCCN,C46H90NO8P
AllCCS01769659,[M+H]+,292.9,822.6008,CCCCCCCCCC=CCC=CCC=CCC=CCCCC(=O)OC(COC(=O)CCCCCCCCCC=CCCCCCC)COP(=O)(O)OCCN,C47H84NO8P
AllCCS01770358,[M-H]-,265.7,712.4923,CCCCCCCCCCCCCC=CC=CC(=O)OCC(COP(=O)(O)OCCN)OC(=O)CCCCCC=CCCCCCCCC,C39H72NO8P
AllCCS01770364,[M-H]-,271.5,740.5236,CCCCCCCCCCCCCC=CC=CC(=O)OCC(COP(=O)(O)OCCN)OC(=O)CCCCCCCCCC=CCCCCCC,C41H76NO8P
AllCCS01770373,[M-H]-,269.5,738.5079,CCCCCCCCCCCCCC=CC=CC(=O)OCC(COP(=O)(O)OCCN)OC(=O)C=CC=CCCCCCCCCCCCCC,C41H74NO8P
AllCCS01770412,[M-H]-,291.7,818.5705,CCCCCCCCCCCCCC=CC=CC(=O)OCC(COP(=O)(O)OCCN)OC(=O)CCCC=CCC=CCC=CCC=CCCCCCCCCC,C47H82NO8P
AllCCS01770416,[M+H]+,303.8,852.6477,CCCCCCCCCCCCCCCCC=CCCC=CCCCC(=O)OC(COC(=O)C=CC=CCCCCCCCCCCCCC)COP(=O)(O)OCCN,C49H90NO8P
AllCCS01770861,[M-H]-,269.9,738.5079,CCCCCCC=CCCCCCCCCCC(=O)OC(COC(=O)CCCCC=CCC=CCC=CCCCCC)COP(=O)(O)OCCN,C41H74NO8P
AllCCS01770868,[M-H]-,268.0,736.4923,CCCCCCCCCCCCCC=CC=CC(=O)OC(COC(=O)CCCCC=CCC=CCC=CCCCCC)COP(=O)(O)OCCN,C41H72NO8P
AllCCS01770889,[M+H]+,299.1,850.6321,CCCCCCCCCCCCCCCCC=CCCC=CCCCC(=O)OC(COC(=O)CCCCC=CCC=CCC=CCCCCC)COP(=O)(O)OCCN,C49H88NO8P
AllCCS01771136,[M-H]-,280.5,780.5549,CCCCCCCCCCCCCCCCCCC(=O)OCC(COP(=O)(O)OCCN)OC(=O)CCCC=CCC=CCC=CCC=CCCCCC,C44H80NO8P
AllCCS01771244,[M-H]-,280.0,770.5705,CCCCCCCCC=CCCCCCCCCCC(=O)OCC(COP(=O)(O)OCCN)OC(=O)CCCCCCCCCC=CCCCCCC,C43H82NO8P
AllCCS01771265,[M-H]-,285.9,798.6018,CCCCCCCCC=CCCCCCCCCCC(=O)OCC(COP(=O)(O)OCCN)OC(=O)CCCCCCCCCC=CCCCCCCCC,C45H86NO8P
AllCCS01771709,[M-H]-,276.2,766.5392,CCCCCCCCC=CCC=CCC=CCCCC(=O)OCC(COP(=O)(O)OCCN)OC(=O)CCCCCCCCCC=CCCCCCC,C43H78NO8P
AllCCS01771829,[M-H]-,273.1,752.5236,CCCCCCCCCCCCCCCCC(=O)OC(COC(=O)CCCC=CCC=CCC=CCC=CCCCCC)COP(=O)(O)OCCN,C42H76NO8P
AllCCS01771860,[M-H]-,277.7,788.5236,CCCCCCCCC=CCC=CCC=CCCCC(=O)OC(COC(=O)CCCC=CCC=CCC=CCC=CCCCCC)COP(=O)(O)OCCN,C45H76NO8P
AllCCS01771862,[M-H]-,276.7,786.5079,CCCCCC=CCC=CCC=CCC=CCCCC(=O)OCC(COP(=O)(O)OCCN)OC(=O)CCCC=CCC=CCC=CCC=CCCCCC,C45H74NO8P
AllCCS01771870,[M-H]-,289.5,822.6018,CCCCCCCCCCCCCCCCCCCCCC(=O)OC(COC(=O)CCCC=CCC=CCC=CCC=CCCCCC)COP(=O)(O)OCCN,C47H86NO8P
AllCCS01772507,[M-H]-,285.9,798.6018,CCCCCCCCC=CCCCCCCCCCCCC(=O)OCC(COP(=O)(O)OCCN)OC(=O)CCCCCCCCCC=CCCCCCC,C45H86NO8P
AllCCS01772525,[M-H]-,288.4,820.5862,CCCCCCCCC=CCCCCCCCCCCCC(=O)OCC(COP(=O)(O)OCCN)OC(=O)CCCC=CCC=CCC=CCC=CCCCCC,C47H84NO8P
AllCCS01772648,[M-H]-,306.6,902.6644,CCCCCCCCCCCCCCCCC=CCCC=CCCCC(=O)OC(COC(=O)CCCCCC=CCC=CCC=CCC=CCCCCC)COP(=O)(O)OCCN,C53H94NO8P
AllCCS01772988,[M-H]-,292.7,836.6175,CCCCCCCCCCCCCCCCCCCCCCC(=O)OCC(COP(=O)(O)OCCN)OC(=O)CCCC=CCC=CCC=CCC=CCCCCC,C48H88NO8P
AllCCS01773041,[M-H]-,292.3,816.6488,CCCCCCCCCCCCCCCCCCCCCCCC(=O)OCC(COP(=O)(O)OCCN)OC(=O)CCCCCCCCCCCCCCCC,C46H92NO8P
AllCCS01773044,[M-H]-,294.4,828.6488,CCCCCCCCCCCCCCCCCCCCCCCC(=O)OCC(COP(=O)(O)OCCN)OC(=O)CCCCCCCCCC=CCCCCCC,C47H92NO8P
AllCCS01773107,[M-H]-,292.2,826.6331,CCCCCCCCC=CCCCCCCCCCCCCCC(=O)OCC(COP(=O)(O)OCCN)OC(=O)CCCCCCCCCC=CCCCCCC,C47H90NO8P
AllCCS01773125,[M-H]-,294.8,848.6175,CCCCCCCCC=CCCCCCCCCCCCCCC(=O)OCC(COP(=O)(O)OCCN)OC(=O)CCCC=CCC=CCC=CCC=CCCCCC,C49H88NO8P
AllCCS01773267,[M-H]-,297.0,842.6644,CCCCCCCCCCCCCCCCCCCCCCCCC(=O)OCC(COP(=O)(O)OCCN)OC(=O)CCCCCCCCCC=CCCCCCC,C48H94NO8P
AllCCS01773358,[M-H]-,300.7,856.6801,CCCCCCCCCCCCCCCCCCCCCCCCCC(=O)OCC(COP(=O)(O)OCCN)OC(=O)CCCCCCCCCC=CCCCCCC,C49H96NO8P
AllCCS01773449,[M-H]-,298.5,854.6644,CCCCCCCCCCCCCCCCCCCCC=CCCCC(=O)OCC(COP(=O)(O)OCCN)OC(=O)CCCCCCCCCC=CCCCCCC,C49H94NO8P
AllCCS01774980,[M-H]-,261.6,672.4973,CCCCCCCCCCCCCCC=COCC(COP(=O)(O)OCCN)OC(=O)CCCCCC=CCCCCCCCC,C37H72NO7P
AllCCS01774981,[M-H]-,268.0,700.5286,CCCCCCCCCCCCCCC=COCC(COP(=O)(O)OCCN)OC(=O)CCCCCCCCCC=CCCCCCC,C39H76NO7P
AllCCS01774988,[M-H]-,265.8,698.513,CCCCCCCCCCCCCCC=COCC(COP(=O)(O)OCCN)OC(=O)C=CC=CCCCCCCCCCCCCC,C39H74NO7P
AllCCS01774994,[M-H]-,274.6,728.5599,CCCCCCCCCCCCCCC=COCC(COP(=O)(O)OCCN)OC(=O)CCCCCCCCCC=CCCCCCCCC,C41H80NO7P
AllCCS01774998,[M-H]-,271.1,722.513,CCCCCCCCCCCCCCC=COCC(COP(=O)(O)OCCN)OC(=O)CCCC=CCC=CCC=CCC=CCCCCC,C41H74NO7P
AllCCS01775218,[M-H]-,274.9,728.5599,CCCCCCCCCCCCCCCCC=COCC(COP(=O)(O)OCCN)OC(=O)CCCCCCCCCC=CCCCCCC,C41H80NO7P
AllCCS01775231,[M-H]-,281.2,756.5912,CCCCCCCCCCCCCCCCC=COCC(COP(=O)(O)OCCN)OC(=O)CCCCCCCCCC=CCCCCCCCC,C43H84NO7P
AllCCS01775235,[M-H]-,276.3,750.5443,CCCCCCCCCCCCCCCCC=COCC(COP(=O)(O)OCCN)OC(=O)CCCC=CCC=CCC=CCC=CCCCCC,C43H78NO7P
AllCCS01775279,[M-H]-,272.7,726.5443,CCCCCCC=CCCCCCCCCCC(=O)OC(COC=CCCCCCCCCC=CCCCCCC)COP(=O)(O)OCCN,C41H78NO7P
AllCCS01775293,[M-H]-,279.0,754.5756,CCCCCCCCC=CCCCCCCCCCC(=O)OC(COC=CCCCCCCCCC=CCCCCCC)COP(=O)(O)OCCN,C43H82NO7P
AllCCS01775297,[M-H]-,274.7,748.5286,CCCCCCC=CCCCCCCCCC=COCC(COP(=O)(O)OCCN)OC(=O)CCCC=CCC=CCC=CCC=CCCCCC,C43H76NO7P
AllCCS01775418,[M-H]-,284.3,780.5912,CCCCCCCCCCCCCCCCCCC=COCC(COP(=O)(O)OCCN)OC(=O)CCCC=CCC=CCC=CCCCCCCCC,C45H84NO7P
AllCCS01775419,[M-H]-,282.7,778.5756,CCCCCCCCCCCCCCCCCCC=COCC(COP(=O)(O)OCCN)OC(=O)CCCC=CCC=CCC=CCC=CCCCCC,C45H82NO7P
AllCCS01775934,[M+H]+,216.7,502.2928,CCCCCC=CCC=CCC=CCC=CCCCC(=O)OCC(COP(=O)(O)OCCN)O,C25H44NO7P
AllCCS01775934,[M+Na]+,223.8,524.2747,CCCCCC=CCC=CCC=CCC=CCCCC(=O)OCC(COP(=O)(O)OCCN)O,C25H44NO7P
AllCCS01775934,[M-H]-,216.8,500.2782,CCCCCC=CCC=CCC=CCC=CCCCC(=O)OCC(COP(=O)(O)OCCN)O,C25H44NO7P
AllCCS01776850,[M-H]-,287.5,802.5603,CCCCCCCCCCCCCCCCCCCCC=CCCCC(=O)OC(COC(=O)CCCCCCCCCC)COP(=O)(O)OCC(C(=O)O)N,C43H82NO10P
AllCCS01776909,[M+H]+,282.3,784.5123,CCCCCCCCCCCC(=O)OCC(COP(=O)(O)OCC(C(=O)O)N)OC(=O)CCCC=CCC=CCC=CCC=CCCCCCCCCC,C42H74NO10P
AllCCS01777030,[M+H]+,298.3,844.6062,CCCCCCCCCCCCCCCCC=CCCC=CCCCC(=O)OC(COC(=O)CCCCCCCCCCCCC)COP(=O)(O)OCC(C(=O)O)N,C46H86NO10P
AllCCS01777030,[M-H]-,295.4,842.5916,CCCCCCCCCCCCCCCCC=CCCC=CCCCC(=O)OC(COC(=O)CCCCCCCCCCCCC)COP(=O)(O)OCC(C(=O)O)N,C46H86NO10P
AllCCS01777228,[M-H]-,272.6,732.4821,CCCCCCCCCCCCCCCC(=O)OCC(COP(=O)(O)OCC(C(=O)O)N)OC(=O)CCCCCC=CCCCCCCCC,C38H72NO10P
AllCCS01777229,[M-H]-,279.6,760.5134,CCCCCCCCCCCCCCCC(=O)OCC(COP(=O)(O)OCC(C(=O)O)N)OC(=O)CCCCCCCCCC=CCCCCCC,C40H76NO10P
AllCCS01777290,[M-H]-,271.6,730.4664,CCCCCCCCC=CCCCCCC(=O)OCC(COP(=O)(O)OCC(C(=O)O)N)OC(=O)CCCCCC=CCCCCCCCC,C38H70NO10P
AllCCS01777335,[M-H]-,287.9,812.5447,CCCCCCCCC=CCCCCCC(=O)OCC(COP(=O)(O)OCC(C(=O)O)N)OC(=O)CCCCCCCCCCCC=CCC=CCCCCC,C44H80NO10P
AllCCS01777616,[M-H]-,285.1,788.5447,CCCCCCCCCCCCCCCCCC(=O)OCC(COP(=O)(O)OCC(C(=O)O)N)OC(=O)CCCCCCCCCC=CCCCCCC,C42H80NO10P
AllCCS01777633,[M-H]-,286.9,810.529,CCCCCCCCCCCCCCCCCC(=O)OCC(COP(=O)(O)OCC(C(=O)O)N)OC(=O)CCCC=CCC=CCC=CCC=CCCCCC,C44H78NO10P
AllCCS01777677,[M-H]-,277.4,758.4977,CCCCCCCCC=CCCCCCC(=O)OC(COC(=O)CCCCCCCCCC=CCCCCCC)COP(=O)(O)OCC(C(=O)O)N,C40H74NO10P
AllCCS01777692,[M-H]-,282.1,784.5134,CCCCCCCCCCCCCC=CC=CC(=O)OC(COC(=O)CCCCCCCCCC=CCCCCCC)COP(=O)(O)OCC(C(=O)O)N,C42H76NO10P
AllCCS01779906,[M-H]-,281.0,782.4977,CCCCCCCCCCCCCCCC(=O)OC(COC(=O)CCCC=CCC=CCC=CCC=CCCCCC)COP(=O)(O)OCC(C(=O)O)N,C42H74NO10P
AllCCS01783132,[M-H]-,261.6,679.4555,CCCCCCCCCCCCCCCCCCCCCCCCCCC(=O)OC(COC(=O)C)COP(=O)(O)OCC(CO)O,C35H69O10P
AllCCS01784220,[M-H]-,266.3,705.4712,CCCCCCCCCCCCCCC(=O)OCC(COP(=O)(O)OCC(CO)O)OC(=O)CCCCCC=CCCCCCCCC,C37H71O10P
AllCCS01784345,[M-H]-,275.8,747.5181,CCCCCCCCCCCCCCCC(=O)OCC(COP(=O)(O)OCC(CO)O)OC(=O)CCCCCCCCCC=CCCCCCC,C40H77O10P
AllCCS01784352,[M-H]-,273.7,745.5025,CCCCCCCCCCCCCCCC(=O)OCC(COP(=O)(O)OCC(CO)O)OC(=O)C=CC=CCCCCCCCCCCCCC,C40H75O10P
AllCCS01784362,[M-H]-,277.6,769.5025,CCCCCCCCCCCCCCCC(=O)OCC(COP(=O)(O)OCC(CO)O)OC(=O)CCCC=CCC=CCC=CCC=CCCCCC,C42H75O10P
AllCCS01784404,[M-H]-,263.1,691.4555,CCCCCCCCCCCCCC(=O)OC(COC(=O)CCCCCC=CCCCCCCCC)COP(=O)(O)OCC(CO)O,C36H69O10P
AllCCS01784409,[M-H]-,267.3,717.4712,CCCCCCCCC=CCCCCCC(=O)OCC(COP(=O)(O)OCC(CO)O)OC(=O)CCCCCC=CCCCCCCCC,C38H71O10P
AllCCS01784412,[M-H]-,270.5,731.4868,CCCCCCCCC=CCCCCCC(=O)OCC(COP(=O)(O)OCC(CO)O)OC(=O)CCCCCCCC=CCCCCCCC,C39H73O10P
AllCCS01784415,[M-H]-,276.1,745.5025,CCCCCCCCC=CCCCCCC(=O)OCC(COP(=O)(O)OCC(CO)O)OC(=O)CCCCCCCCCC=CCCCCCC,C40H75O10P
AllCCS01784553,[M-H]-,279.5,761.5338,CCCCCCCCCCCCCCCCC(=O)OCC(COP(=O)(O)OCC(CO)O)OC(=O)CCCCCCCCCC=CCCCCCC,C41H79O10P
AllCCS01784757,[M-H]-,284.2,797.5338,CCCCCCCCCCCCCCCCCC(=O)OCC(COP(=O)(O)OCC(CO)O)OC(=O)CCCC=CCC=CCC=CCC=CCCCCC,C44H79O10P
AllCCS01784803,[M-H]-,279.6,747.5181,CCCCCCCCCCCCCCCC(=O)OC(COC(=O)CCCCCCCCCC=CCCCCCC)COP(=O)(O)OCC(CO)O,C40H77O10P
AllCCS01784804,[M-H]-,276.1,745.5025,CCCCCCCCC=CCCCCCC(=O)OC(COC(=O)CCCCCCCCCC=CCCCCCC)COP(=O)(O)OCC(CO)O,C40H75O10P
AllCCS01784807,[M-H]-,280.6,759.5181,CCCCCCCC=CCCCCCCCC(=O)OC(COC(=O)CCCCCCCCCC=CCCCCCC)COP(=O)(O)OCC(CO)O,C41H77O10P
AllCCS01784810,[M-H]-,282.9,773.5338,CCCCCCC=CCCCCCCCCCC(=O)OCC(COP(=O)(O)OCC(CO)O)OC(=O)CCCCCCCCCC=CCCCCCC,C42H79O10P
AllCCS01784839,[M-H]-,282.1,795.5181,CCCCCCC=CCCCCCCCCCC(=O)OCC(COP(=O)(O)OCC(CO)O)OC(=O)CCCC=CCC=CCC=CCC=CCCCCC,C44H77O10P
AllCCS01785580,[M-H]-,282.5,771.5181,CCCCCCCCCCCCCC=CC=CC(=O)OCC(COP(=O)(O)OCC(CO)O)OC(=O)CCCCCCCCCC=CCCCCCC,C42H77O10P
AllCCS01785589,[M-H]-,278.4,769.5025,CCCCCCCCCCCCCC=CC=CC(=O)OCC(COP(=O)(O)OCC(CO)O)OC(=O)C=CC=CCCCCCCCCCCCCC,C42H75O10P
AllCCS01785628,[M-H]-,294.8,849.5651,CCCCCCCCCCCCCC=CC=CC(=O)OCC(COP(=O)(O)OCC(CO)O)OC(=O)CCCC=CCC=CCC=CCC=CCCCCCCCCC,C48H83O10P
AllCCS01786108,[M-H]-,294.3,847.5494,CCCCCCCCCC=CCC=CCC=CCC=CCCCC(=O)OC(COC(=O)CCCCC=CCC=CCC=CCCCCC)COP(=O)(O)OCC(CO)O,C48H81O10P
AllCCS01787123,[M-H]-,286.4,795.5181,CCCCCCC=CCCCCCCCCCC(=O)OC(COC(=O)CCCC=CCC=CCC=CCC=CCCCCC)COP(=O)(O)OCC(CO)O,C44H77O10P
AllCCS01791486,[M+Na]+,293.1,879.4994,CCCCCCCCCCCCCC(=O)OCC(COP(=O)(O)OC1C(C(C(C(C1O)O)O)O)O)OC(=O)CCC=CCC=CCC=CCC=CCC=CCCCCC,C45H77O13P
AllCCS01791708,[M-H]-,284.7,807.5029,CCCCCCCCCCCCCCCC(=O)OCC(COP(=O)(O)OC1C(C(C(C(C1O)O)O)O)O)OC(=O)CCCCCC=CCCCCCCCC,C41H77O13P
AllCCS01791709,[M-H]-,290.5,835.5342,CCCCCCCCCCCCCCCC(=O)OCC(COP(=O)(O)OC1C(C(C(C(C1O)O)O)O)O)OC(=O)CCCCCCCCCC=CCCCCCC,C43H81O13P
AllCCS01791716,[M-H]-,287.6,833.5185,CCCCCCCCCCCCCCCC(=O)OCC(COP(=O)(O)OC1C(C(C(C(C1O)O)O)O)O)OC(=O)C=CC=CCCCCCCCCCCCCC,C43H79O13P
AllCCS01791726,[M-H]-,292.6,857.5185,CCCCCCCCCCCCCCCC(=O)OCC(COP(=O)(O)OC1C(C(C(C(C1O)O)O)O)O)OC(=O)CCCC=CCC=CCC=CCC=CCCCCC,C45H79O13P
AllCCS01792105,[M-H]-,296.4,863.5655,CCCCCCCCCCCCCCCCCC(=O)OCC(COP(=O)(O)OC1C(C(C(C(C1O)O)O)O)O)OC(=O)CCCCCCCCCC=CCCCCCC,C45H85O13P
AllCCS01792123,[M-H]-,298.2,885.5498,CCCCCCCCCCCCCCCCCC(=O)OCC(COP(=O)(O)OC1C(C(C(C(C1O)O)O)O)O)OC(=O)CCCC=CCC=CCC=CCC=CCCCCC,C47H83O13P
AllCCS01792170,[M-H]-,288.9,833.5185,CCCCCCCCC=CCCCCCC(=O)OC(COC(=O)CCCCCCCCCC=CCCCCCC)COP(=O)(O)OC1C(C(C(C(C1O)O)O)O)O,C43H79O13P
AllCCS01792175,[M-H]-,296.4,863.5655,CCCCCCCCCCCCCCCCCC(=O)OC(COC(=O)CCCCCCCCCC=CCCCCCC)COP(=O)(O)OC1C(C(C(C(C1O)O)O)O)O,C45H85O13P
AllCCS01792205,[M-H]-,296.8,883.5342,CCCCCCC=CCCCCCCCCCC(=O)OCC(COP(=O)(O)OC1C(C(C(C(C1O)O)O)O)O)OC(=O)CCCC=CCC=CCC=CCC=CCCCCC,C47H81O13P
AllCCS01792211,[M-H]-,295.2,881.5185,CCCCCCC=CCCCCCCCCCC(=O)OCC(COP(=O)(O)OC1C(C(C(C(C1O)O)O)O)O)OC(=O)CCCC=CCC=CCC=CCC=CCC=CCC,C47H79O13P
AllCCS01794491,[M-H]-,292.0,857.5185,CCCCCCCCCCCCCCCC(=O)OC(COC(=O)CCCC=CCC=CCC=CCC=CCCCCC)COP(=O)(O)OC1C(C(C(C(C1O)O)O)O)O,C45H79O13P
AllCCS01794497,[M-H]-,298.4,885.5498,CCCCCCCCCCCCCCCCCC(=O)OC(COC(=O)CCCC=CCC=CCC=CCC=CCCCCC)COP(=O)(O)OC1C(C(C(C(C1O)O)O)O)O,C47H83O13P
AllCCS01799130,[M-H]-,252.6,643.4344,CCCCCCCCC=CCCCCCC(=O)OCC(COP(=O)(O)O)OC(=O)CCCCCC=CCCCCCCCC,C35H65O8P
AllCCS01804897,[M+H]+,273.7,647.5123,CCCCCCCCCCCC(C(COP(=O)([O-])OCC[N+](C)(C)C)NC(=O)CCCCCCCC=CCCCCCC)O,C35H71N2O6P
AllCCS01804899,[M+H]+,276.9,661.5279,CCCCCCCCCCCC(C(COP(=O)([O-])OCC[N+](C)(C)C)NC(=O)CCCCCCCC=CCCCCCCC)O,C36H73N2O6P
AllCCS01804900,[M+H]+,282.6,677.5592,CCCCCCCCCCCCCCCCCC(=O)NC(COP(=O)([O-])OCC[N+](C)(C)C)C(CCCCCCCCCCC)O,C37H77N2O6P
AllCCS01804901,[M+H]+,279.7,675.5436,CCCCCCCCCCCC(C(COP(=O)([O-])OCC[N+](C)(C)C)NC(=O)CCCCCCCC=CCCCCCCCC)O,C37H75N2O6P
AllCCS01804901,[M+Na]+,280.8,697.5255,CCCCCCCCCCCC(C(COP(=O)([O-])OCC[N+](C)(C)C)NC(=O)CCCCCCCC=CCCCCCCCC)O,C37H75N2O6P
AllCCS01804902,[M+H]+,275.7,673.5279,CCCCCCCCCCCC(C(COP(=O)([O-])OCC[N+](C)(C)C)NC(=O)CCCCCCCC=CCC=CCCCCC)O,C37H73N2O6P
AllCCS01804904,[M+H]+,287.8,705.5905,CCCCCCCCCCCCCCCCCCCC(=O)NC(COP(=O)([O-])OCC[N+](C)(C)C)C(CCCCCCCCCCC)O,C39H81N2O6P
AllCCS01804905,[M+H]+,285.0,703.5749,CCCCCCCCCCCC(C(COP(=O)([O-])OCC[N+](C)(C)C)NC(=O)CCCCCCCCCC=CCCCCCCCC)O,C39H79N2O6P
AllCCS01804905,[M+Na]+,285.4,725.5568,CCCCCCCCCCCC(C(COP(=O)([O-])OCC[N+](C)(C)C)NC(=O)CCCCCCCCCC=CCCCCCCCC)O,C39H79N2O6P
AllCCS01804907,[M+H]+,293.3,733.6218,CCCCCCCCCCCCCCCCCCCCCC(=O)NC(COP(=O)([O-])OCC[N+](C)(C)C)C(CCCCCCCCCCC)O,C41H85N2O6P
AllCCS01804908,[M+H]+,291.2,731.6062,CCCCCCCCCCCC(C(COP(=O)([O-])OCC[N+](C)(C)C)NC(=O)CCCCCCCCCCCC=CCCCCCCCC)O,C41H83N2O6P
AllCCS01804910,[M+H]+,299.5,761.6531,CCCCCCCCCCCCCCCCCCCCCCCC(=O)NC(COP(=O)([O-])OCC[N+](C)(C)C)C(CCCCCCCCCCC)O,C43H89N2O6P
AllCCS01804911,[M+H]+,296.5,759.6375,CCCCCCCCCCCC(C(COP(=O)([O-])OCC[N+](C)(C)C)NC(=O)CCCCCCCCCCCCCC=CCCCCCCCC)O,C43H87N2O6P
AllCCS01804911,[M+Na]+,296.9,781.6194,CCCCCCCCCCCC(C(COP(=O)([O-])OCC[N+](C)(C)C)NC(=O)CCCCCCCCCCCCCC=CCCCCCCCC)O,C43H87N2O6P
AllCCS01804914,[M+H]+,303.4,789.6844,CCCCCCCCCCCCCCCCCCCCCCCCCC(=O)NC(COP(=O)([O-])OCC[N+](C)(C)C)C(CCCCCCCCCCC)O,C45H93N2O6P
AllCCS01804915,[M+H]+,301.9,787.6688,CCCCCCCCCCCC(C(COP(=O)([O-])OCC[N+](C)(C)C)NC(=O)CCCCCCCCCCCCCCCC=CCCCCCCCC)O,C45H91N2O6P
AllCCS01804915,[M+Na]+,302.0,809.6507,CCCCCCCCCCCC(C(COP(=O)([O-])OCC[N+](C)(C)C)NC(=O)CCCCCCCCCCCCCCCC=CCCCCCCCC)O,C45H91N2O6P
AllCCS01804930,[M+H]+,282.0,689.5592,CCCCCCCCCCCCCCCCCCC(=O)NC(COP(=O)([O-])OCC[N+](C)(C)C)C(C=CCCCCCCCCC)O,C38H77N2O6P
AllCCS01804930,[M+Na]+,283.6,711.5411,CCCCCCCCCCCCCCCCCCC(=O)NC(COP(=O)([O-])OCC[N+](C)(C)C)C(C=CCCCCCCCCC)O,C38H77N2O6P
AllCCS01804932,[M+H]+,281.5,701.5592,CCCCCCCCCC=CC(C(COP(=O)([O-])OCC[N+](C)(C)C)NC(=O)CCCCCCCCCC=CCCCCCCCC)O,C39H77N2O6P
AllCCS01804932,[M+Na]+,281.1,723.5411,CCCCCCCCCC=CC(C(COP(=O)([O-])OCC[N+](C)(C)C)NC(=O)CCCCCCCCCC=CCCCCCCCC)O,C39H77N2O6P
AllCCS01804933,[M+H]+,288.1,717.5905,CCCCCCCCCCCCCCCCCCCCC(=O)NC(COP(=O)([O-])OCC[N+](C)(C)C)C(C=CCCCCCCCCC)O,C40H81N2O6P
AllCCS01804935,[M+H]+,287.5,729.5905,CCCCCCCCCC=CC(C(COP(=O)([O-])OCC[N+](C)(C)C)NC(=O)CCCCCCCCCCCC=CCCCCCCCC)O,C41H81N2O6P
AllCCS01804935,[M+Na]+,287.4,751.5724,CCCCCCCCCC=CC(C(COP(=O)([O-])OCC[N+](C)(C)C)NC(=O)CCCCCCCCCCCC=CCCCCCCCC)O,C41H81N2O6P
AllCCS01804936,[M+H]+,294.1,745.6218,CCCCCCCCCCCCCCCCCCCCCCC(=O)NC(COP(=O)([O-])OCC[N+](C)(C)C)C(C=CCCCCCCCCC)O,C42H85N2O6P
AllCCS01804938,[M+H]+,293.7,757.6218,CCCCCCCCCC=CC(C(COP(=O)([O-])OCC[N+](C)(C)C)NC(=O)CCCCCCCCCCCCCC=CCCCCCCCC)O,C43H85N2O6P
AllCCS01804940,[M+H]+,299.0,773.6531,CCCCCCCCCCCCCCCCCCCCCCCCC(=O)NC(COP(=O)([O-])OCC[N+](C)(C)C)C(C=CCCCCCCCCC)O,C44H89N2O6P
AllCCS01804942,[M+H]+,299.2,785.6531,CCCCCCCCCC=CC(C(COP(=O)([O-])OCC[N+](C)(C)C)NC(=O)CCCCCCCCCCCCCCCC=CCCCCCCCC)O,C45H89N2O6P
AllCCS01804942,[M+Na]+,299.2,807.635,CCCCCCCCCC=CC(C(COP(=O)([O-])OCC[N+](C)(C)C)NC(=O)CCCCCCCCCCCCCCCC=CCCCCCCCC)O,C45H89N2O6P
AllCCS01804984,[M+H]+,278.4,687.5436,CCCCCCCCCCCCCCCCCCC(=O)NC(COP(=O)([O-])OCC[N+](C)(C)C)C(C=CC=CCCCCCCC)O,C38H75N2O6P
AllCCS01804986,[M+H]+,278.3,699.5436,CCCCCCCCC=CCCCCCCCCCC(=O)NC(COP(=O)([O-])OCC[N+](C)(C)C)C(C=CC=CCCCCCCC)O,C39H75N2O6P
AllCCS01804987,[M+H]+,284.5,715.5749,CCCCCCCCCCCCCCCCCCCCC(=O)NC(COP(=O)([O-])OCC[N+](C)(C)C)C(C=CC=CCCCCCCC)O,C40H79N2O6P
AllCCS01804989,[M+H]+,285.0,727.5749,CCCCCCCCC=CCCCCCCCCCCCC(=O)NC(COP(=O)([O-])OCC[N+](C)(C)C)C(C=CC=CCCCCCCC)O,C41H79N2O6P
AllCCS01804994,[M+H]+,296.7,771.6375,CCCCCCCCCCCCCCCCCCCCCCCCC(=O)NC(COP(=O)([O-])OCC[N+](C)(C)C)C(C=CC=CCCCCCCC)O,C44H87N2O6P
AllCCS01804996,[M+H]+,296.0,783.6375,CCCCCCCCC=CCCCCCCCCCCCCCCCC(=O)NC(COP(=O)([O-])OCC[N+](C)(C)C)C(C=CC=CCCCCCCC)O,C45H87N2O6P
AllCCS01805051,[M+H]+,309.8,817.7157,CCCCCCCCCCCCCCCCCCCCCCCCCCC(=O)NC(COP(=O)([O-])OCC[N+](C)(C)C)C(CCCCCCCCCCCC)O,C47H97N2O6P
AllCCS01805131,[M+H]+,299.5,797.6531,CCCCCCCCC=CCCCCCCCCCCCCCCCC(=O)NC(COP(=O)([O-])OCC[N+](C)(C)C)C(C=CC=CCCCCCCCC)O,C46H89N2O6P
AllCCS01805252,[M+H]+,302.1,811.6688,CCCCCCCCCC=CC=CC(C(COP(=O)([O-])OCC[N+](C)(C)C)NC(=O)CCCCCCCCCCCCCCCC=CCCCCCCCC)O,C47H91N2O6P
AllCCS01805252,[M+Na]+,301.4,833.6507,CCCCCCCCCC=CC=CC(C(COP(=O)([O-])OCC[N+](C)(C)C)NC(=O)CCCCCCCCCCCCCCCC=CCCCCCCCC)O,C47H91N2O6P
AllCCS01805381,[M+H]+,305.1,825.6844,CCCCCCCCC=CCCCCCCCCCCCCCCCC(=O)NC(COP(=O)([O-])OCC[N+](C)(C)C)C(C=CCCC=CCCCCCCCC)O,C48H93N2O6P
AllCCS01805433,[M+H]+,282.8,725.5592,CCCCCC=CCC=CCCCCCCCC(=O)NC(COP(=O)([O-])OCC[N+](C)(C)C)C(C=CCCCCCCCCC=CCCC)O,C41H77N2O6P
AllCCS01805437,[M+H]+,308.4,839.7001,CCCCCCCCC=CCCCCCCCCCCCCCCCC(=O)NC(COP(=O)([O-])OCC[N+](C)(C)C)C(C=CCCCCCCCCC=CCCC)O,C49H95N2O6P
AllCCS01805720,[M+H]+,307.3,849.6844,CCCCCCCCCCCCCCCCC=CC(C(COP(=O)([O-])OCC[N+](C)(C)C)NC(=O)CCCC=CCC=CCC=CCC=CCCCCCCCCC)O,C50H93N2O6P
AllCCS01993528,[M+H]+,253.6,566.4544,CCCCCCCCCCCCCCCCCCCCCCOCC(COP(=O)([O-])OCC[N+](C)(C)C)O,C30H64NO6P
AllCCS01993696,[M-H]-,240.7,619.2889,CCCCCC=CCC=CCC=CCC=CCCCC(=O)OCC(COP(=O)(O)OC1C(C(C(C(C1O)O)O)O)O)O,C29H49O12P
AllCCS02002083,[M+H]+,272.0,608.5976,CCCCCCCCCCCCCCCCCCCCCCCCC(=O)NC(CO)C(C=CCCCCCCCCC)O,C39H77NO3
AllCCS02002084,[M+H]+,270.9,620.5976,CCCCCCCCCC=CC(C(CO)NC(=O)CCCCCCCCCCCCCCCC=CCCCCCCCC)O,C40H77NO3
AllCCS02002293,[M+H]+,275.3,634.6133,CCCCCCCCCCCCC=CC(C(CO)NC(=O)CCCCCCCCCCCCCC=CCCCCCCCC)O,C41H79NO3
AllCCS02002343,[M+H]+,257.9,564.535,CCCCCCCCCCCCCCCCCC(=O)NC(CO)C(C=CCCCCCCCCC=CCCC)O,C36H69NO3
AllCCS02002348,[M+H]+,274.6,646.6133,CCCCCCCCC=CCCCCCCCCCCCCCC(=O)NC(CO)C(C=CCCCCCCCCC=CCCC)O,C42H79NO3
AllCCS02002674,[M+H]+,283.4,652.6602,CCCCCCCCCCCCCCCCCCCCCCCCCCC(=O)NC(CO)C(CCCCCCCCCCCC)O,C42H85NO3
AllCCS02003070,[M+H]+,281.2,700.5722,CCCCCCCCCCCC(C(COC1C(C(C(C(O1)CO)O)O)O)NC(=O)CCCCCCCCCC=CCCCCCCCC)O,C40H77NO8
AllCCS02003203,[M+H]+,306.1,814.7131,CCCCCCCCCCCCCCCCCCCCCCCCCCC(=O)NC(COC1C(C(C(C(O1)CO)O)O)O)C(CCCCCCCCCCCC)O,C48H95NO8
AllCCS02003568,[M+H]+,298.6,782.6505,CCCCCCCCCCCCCC=CC(C(COC1C(C(C(C(O1)CO)O)O)O)NC(=O)CCCCCCCCCCCC=CCCCCCCCC)O,C46H87NO8
AllCCS02003570,[M+H]+,306.6,826.7131,CCCCCCCCCCCCCCCCCCCCCCCCC(=O)NC(COC1C(C(C(C(O1)CO)O)O)O)C(C=CCCCCCCCCCCCCC)O,C49H95NO8
AllCCS02003614,[M+H]+,299.5,808.6661,CCCCCCCCC=CCCCCCCCCCCCCCC(=O)NC(COC1C(C(C(C(O1)CO)O)O)O)C(C=CCCCCCCCCC=CCCC)O,C48H89NO8
AllCCS02003802,[M+H]+,308.6,840.7287,CCCCCCCCCCCCCCCCCCCCCCCC(=O)NC(COC1C(C(C(C(O1)CO)O)O)O)C(C=CCCCCCCCCCCCCCCC)O,C50H97NO8
AllCCS02004213,[M-H]-,145.5,219.0874,CC1(OC2C(C(OC2O1)C(CO)O)O)C,C9H16O6
AllCCS02004214,[M-H]-,235.8,609.1461,C1=CC(=C(C=C1C2=CC(=O)C3=C(C=C(C=C3O2)OC4C(C(C(C(O4)CO)O)O)O)O)OC5C(C(C(C(O5)CO)O)O)O)O,C27H30O16
AllCCS02004215,[M-H]-,171.5,297.0768,COC1=C(C=C(C=C1)C2=CC3=C(C=C(C=C3)O)OC2=O)OC,C17H14O5
AllCCS02004217,[M-H]-,231.1,611.1981,CC1C(C(C(C(O1)OC2C(C(C(OC2OC3=CC(=C(C(=C3)O)C(=O)CCC4=CC(=C(C=C4)OC)O)O)CO)O)O)O)O)O,C28H36O15
AllCCS02004218,[M-H]-,188.7,319.2126,CCCCCCCCCCOC1C(C(C(C(O1)CO)O)O)O,C16H32O6
AllCCS02004219,[M-H]-,160.3,285.0404,C1=CC(=C(C(=C1)O)O)C2=C(C(=O)C3=C(O2)C=CC(=C3)O)O,C15H10O6
AllCCS02004220,[M-H]-,222.4,469.3323,CC1(C2CCC3(C(C2(CCC1O)C)C(=O)C=C4C3(CCC5(C4CC(CC5)(C)C(=O)O)C)C)C)C,C30H46O4
AllCCS02004221,[M-H]-,221.7,595.1668,CC1C(C(C(C(O1)OC2C(C(C(OC2OC3=CC(=C4C(=O)CC(OC4=C3)C5=CC(=C(C=C5)O)O)O)CO)O)O)O)O)O,C27H32O15
AllCCS02004222,[M-H]-,164.7,267.0663,COC1=CC=CC(=C1)C2=CC(=O)C3=C(O2)C=C(C=C3)O,C16H12O4
AllCCS02004223,[M-H]-,162.6,267.0663,COC1=CC=C(C=C1)C2=CC3=C(C=C(C=C3)O)OC2=O,C16H12O4
AllCCS02004224,[M-H]-,211.2,431.0983,C1=CC(=CC=C1C2=COC3=CC(=CC(=C3C2=O)O)OC4C(C(C(C(O4)CO)O)O)O)O,C21H20O10
AllCCS02004326,[M+H]+,269.9,598.5769,CCCCCCCCCCCCCCCCCCCCCCC(=O)NC(CO)C(C(CCCCCCCCCC)O)O,C37H75NO4
AllCCS02004329,[M+H]+,278.4,640.6239,CCCCCCCCCCCCCCCCCCCCCCCCCC(=O)NC(CO)C(C(CCCCCCCCCC)O)O,C40H81NO4
AllCCS02004333,[M+H]+,284.4,668.6552,CCCCCCCCCCCCCCCCCCCCCCCCCCC(=O)NC(CO)C(C(CCCCCCCCCCC)O)O,C42H85NO4
AllCCS02004367,[M+H]+,290.9,696.6865,CCCCCCCCCCCCCCCCCCCCCCCCCCC(=O)NC(CO)C(C(CCCCCCCCCCCCC)O)O,C44H89NO4
AllCCS02004368,[M+H]+,293.6,710.7021,CCCCCCCCCCCCCCCCCCCCCCCCCCC(=O)NC(CO)C(C(CCCCCCCCCCCCCC)O)O,C45H91NO4
AllCCS02004369,[M+H]+,296.8,724.7178,CCCCCCCCCCCCCCCCCCCCCCCCCCC(=O)NC(CO)C(C(CCCCCCCCCCCCCCC)O)O,C46H93NO4
AllCCS02004371,[M+H]+,297.1,834.5937,CCCCCCCCCCCCCC=CC(C(COC1C(C(C(C(O1)CO)OC2C(C(C(C(O2)CO)O)O)O)O)O)NC(=O)CCCCCCCCCCCCC)O,C44H83NO13
AllCCS02004372,[M+H]+,309.5,890.6563,CCCCCCCCCCCCCCCCCC(=O)NC(COC1C(C(C(C(O1)CO)OC2C(C(C(C(O2)CO)O)O)O)O)O)C(C=CCCCCCCCCCCCCC)O,C48H91NO13
AllCCS02004373,[M+H]+,324.1,974.7502,CCCCCCCCCCCCCCCCCCCCCCCC(=O)NC(COC1C(C(C(C(O1)CO)OC2C(C(C(C(O2)CO)O)O)O)O)O)C(C=CCCCCCCCCCCCCC)O,C54H103NO13
AllCCS02004374,[M+H]+,322.5,972.7346,CCCCCCCCCCCCCC=CC(C(COC1C(C(C(C(O1)CO)OC2C(C(C(C(O2)CO)O)O)O)O)O)NC(=O)CCCCCCCCCCCCCC=CCCCCCCCC)O,C54H101NO13
AllCCS02004375,[M+H]+,202.5,330.3367,CCCCCCCCCCCCCCCCCC(C(CO)N)O,C20H43NO2
AllCCS02004376,[M+H]+,200.0,328.321,CCCCCCCCCCCCCCCC=CC(C(CO)N)O,C20H41NO2
AllCCS02004377,[M+H]+,209.9,358.368,CCCCCCCCCCCCCCCCCCCC(C(CO)N)O,C22H47NO2
AllCCS00000183,[M-H]-,175.2,281.2486,CCCCCCCCC=CCCCCCCCC(=O)O,C18H34O2
AllCCS00000184,[M-H]-,168.1,255.2329,CCCCCCCCCCCCCCCC(=O)O,C16H32O2
AllCCS00000206,[M-H]-,174.3,279.2329,CCCCCC=CCC=CCCCCCCCC(=O)O,C18H32O2
AllCCS00000220,[M-H]-,176.8,283.2642,CCCCCCCCCCCCCCCCCC(=O)O,C18H36O2
AllCCS00000445,[M+Na]+,289.4,756.5515,CCCCCCCCCCCCCCCC(=O)OCC(COP(=O)([O-])OCC[N+](C)(C)C)OC(=O)CCCCCCCCCCCCCCC,C40H80NO8P
AllCCS00001261,[M-H]-,221.4,471.348,CC1(CCC2(CCC3(C(=CCC4C3(CCC5C4(CCC(C5(C)CO)O)C)C)C2C1)C)C(=O)O)C,C30H48O4
AllCCS00001267,[M-H]-,222.9,503.3378,CC1CCC2(CCC3(C(=CCC4C3(CC(C5C4(CC(C(C5(C)CO)O)O)C)O)C)C2C1C)C)C(=O)O,C30H48O6
AllCCS00001413,[M-H]-,156.5,269.0455,C1=CC=C(C=C1)C2=C(C(=O)C3=C(C=C(C=C3O2)O)O)O,C15H10O5
AllCCS00001422,[M-H]-,229.1,609.1825,CC1C(C(C(C(O1)OCC2C(C(C(C(O2)OC3=CC(=C4C(=O)CC(OC4=C3)C5=CC(=C(C=C5)OC)O)O)O)O)O)O)O)O,C28H34O15
AllCCS00001423,[M-H]-,222.9,563.1406,C1C(C(C(O1)OC2C(C(C(OC2OC3=CC(=C4C(=C3)OC(=CC4=O)C5=CC=C(C=C5)O)O)CO)O)O)O)(CO)O,C26H28O14
AllCCS00001438,[M-H]-,156.6,253.0506,C1=CC(=CC=C1C2=CC(=O)C3=C(O2)C=C(C=C3)O)O,C15H10O4
AllCCS00001441,[M-H]-,232.7,607.1668,CC1C(C(C(C(O1)OCC2C(C(C(C(O2)OC3=CC(=C4C(=C3)OC(=CC4=O)C5=CC(=C(C=C5)OC)O)O)O)O)O)O)O)O,C28H32O15
AllCCS00001446,[M-H]-,195.1,447.0933,CC1C(C(C(C(O1)OC2=C(OC3=CC(=CC(=C3C2=O)O)O)C4=CC(=C(C=C4)O)O)O)O)O,C21H20O11
AllCCS00001455,[M-H]-,153.3,237.0557,C1=CC=C(C=C1)C2=CC(=O)C3=C(O2)C=C(C=C3)O,C15H10O3
AllCCS00001460,[M-H]-,151.8,237.0557,C1=CC=C(C=C1)C2=C(C(=O)C3=CC=CC=C3O2)O,C15H10O3
AllCCS00001465,[M-H]-,155.6,237.0557,C1=CC=C(C=C1)C2=CC(=O)C3=C(C=CC=C3O2)O,C15H10O3
AllCCS00001467,[M-H]-,158.1,239.0713,C1=CC=C(C=C1)C=CC(=O)C2=C(C=C(C=C2)O)O,C15H12O3
AllCCS00001476,[M-H]-,161.9,285.0404,C1=CC(=C(C=C1C2=C(C(=O)C3=C(O2)C=C(C=C3)O)O)O)O,C15H10O6
AllCCS00001488,[M-H]-,224.9,577.1563,CC1C(C(C(C(O1)OC2C(C(C(OC2OC3=CC(=C4C(=C3)OC(=CC4=O)C5=CC=C(C=C5)O)O)CO)O)O)O)O)O,C27H30O14
AllCCS00001489,[M-H]-,170.7,299.0561,COC1=C(C=C(C=C1)C2=CC(=O)C3=C(C=C(C=C3O2)O)O)O,C16H12O6
AllCCS00001523,[M-H]-,277.7,821.3965,CC1(C2CCC3(C(C2(CCC1OC4C(C(C(C(O4)C(=O)O)O)O)OC5C(C(C(C(O5)C(=O)O)O)O)O)C)C(=O)C=C6C3(CCC7(C6CC(CC7)(C)C(=O)O)C)C)C)C,C42H62O16
AllCCS00001988,[M+H]+,241.4,538.3867,CCCCCCCCCCCCCCCCCCC(=O)OCC(COP(=O)([O-])OCC[N+](C)(C)C)O,C27H56NO7P
AllCCS00001995,[M+H]+,286.1,730.5382,CCCCCCC=CCCCCCCCC(=O)OCC(COP(=O)([O-])OCC[N+](C)(C)C)OC(=O)CCCCCCCC=CCCCCCC,C40H76NO8P
AllCCS00001998,[M+H]+,259.5,608.465,CCCCCCCCCCCCCCCCCCCCCCCC(=O)OCC(COP(=O)([O-])OCC[N+](C)(C)C)O,C32H66NO7P
AllCCS00001998,[M+Na]+,262.3,630.447,CCCCCCCCCCCCCCCCCCCCCCCC(=O)OCC(COP(=O)([O-])OCC[N+](C)(C)C)O,C32H66NO7P
AllCCS00002050,[M-H]-,165.5,287.0561,C1C(OC2=CC(=CC(=C2C1=O)O)O)C3=CC(=C(C=C3)O)O,C15H12O6
AllCCS00002284,[M+H]+,190.8,300.2897,CCCCCCCCCCCCCC=CC(C(CO)N)O,C18H37NO2
AllCCS00002326,[M-H]-,147.9,223.0612,COC1=CC(=CC(=C1O)OC)C=CC(=O)O,C11H12O5
AllCCS00002737,[M-H]-,154.2,287.0561,C1=CC(=C(C=C1C2C(C(=O)C3=C(O2)C=C(C=C3)O)O)O)O,C15H12O6
AllCCS00002836,[M-H]-,163.4,303.051,C1=CC(=C(C=C1C2C(C(=O)C3=C(C=C(C=C3O2)O)O)O)O)O,C15H12O7
AllCCS00003726,[M-H]-,157.0,227.0713,C1=CC(=CC=C1C=CC2=CC(=CC(=C2)O)O)O,C14H12O3
AllCCS00004203,[M-H]-,205.9,431.0983,C1=CC(=CC=C1C2=CC(=O)C3=C(C=C(C=C3O2)OC4C(C(C(C(O4)CO)O)O)O)O)O,C21H20O10
AllCCS00004613,[M-H]-,141.1,209.0455,COC1=CC(=CC(=C1O)O)C=CC(=O)O,C10H10O5
AllCCS00005982,[M-H]-,236.5,593.1512,C1=CC(=CC=C1C2=CC(=O)C3=C(C(=C(C=C3O2)OC4C(C(C(C(O4)CO)O)O)O)C5C(C(C(C(O5)CO)O)O)O)O)O,C27H30O15
AllCCS00006415,[M-H]-,221.8,487.3429,CC1CCC2(CCC3(C(=CCC4C3(CCC5C4(CC(C(C5(C)CO)O)O)C)C)C2C1C)C)C(=O)O,C30H48O5
AllCCS00006510,[M-H]-,217.2,481.114,COC1=C(C=CC(=C1)C2C(C3=C(O2)C(=CC(=C3)C4C(C(=O)C5=C(C=C(C=C5O4)O)O)O)O)CO)O,C25H22O10
AllCCS00007504,[M-H]-,168.0,301.0717,COC1=C(C=CC(=C1)C2CC(=O)C3=C(C=C(C=C3O2)O)O)O,C16H14O6
AllCCS00007553,[M-H]-,225.8,609.1825,CC1C(C(C(C(O1)OC2C(C(C(OC2OC3=CC(=C4C(=O)CC(OC4=C3)C5=CC(=C(C=C5)OC)O)O)CO)O)O)O)O)O,C28H34O15
AllCCS00007579,[M-H]-,187.4,339.1238,CC(=CCC1=C(C2=C(C=C1O)OC(CC2=O)C3=CC=C(C=C3)O)O)C,C20H20O5
AllCCS00007776,[M-H]-,159.1,269.0455,C1=CC(=CC=C1C2=C(C(=O)C3=C(O2)C=C(C=C3)O)O)O,C15H10O5
AllCCS00007777,[M-H]-,184.8,343.0823,COC1=C(C=C(C=C1)C2=CC(=O)C3=C(O2)C=C(C(=C3O)OC)O)OC,C18H16O7
AllCCS00007780,[M-H]-,164.6,283.0612,COC1=CC(=C2C(=C1)OC(=CC2=O)C3=CC=C(C=C3)O)O,C16H12O5
AllCCS00007791,[M-H]-,165.0,299.0561,COC1=C(C2=C(C=C1O)OC(=CC2=O)C3=CC=C(C=C3)O)O,C16H12O6
AllCCS00007826,[M-H]-,166.6,299.0561,COC1=CC=C(C=C1)C2=C(C(=O)C3=C(C=C(C=C3O2)O)O)O,C16H12O6
AllCCS00007837,[M-H]-,182.2,343.0823,COC1=CC=C(C=C1)C2=CC(=O)C3=C(C(=C(C(=C3O2)OC)O)OC)O,C18H16O7
AllCCS00007900,[M-H]-,164.1,301.0354,C1=CC2=C(C=C1O)OC(=C(C2=O)O)C3=CC(=C(C(=C3)O)O)O,C15H10O7
AllCCS00007926,[M-H]-,155.3,267.0299,C1=CC2=C(C=C1O)OC3=C2C(=O)OC4=C3C=CC(=C4)O,C15H8O5
AllCCS00008217,[M-H]-,164.3,281.0455,C1OC2=C(O1)C=C(C=C2)C3=COC4=C(C3=O)C=CC(=C4)O,C16H10O5
AllCCS00009745,[M-H]-,199.6,447.0933,C1=CC(=CC=C1C2=C(C(=O)C3=C(C=C(C=C3O2)O)O)OC4C(C(C(C(O4)CO)O)O)O)O,C21H20O11
AllCCS00010506,[M-H]-,155.5,237.0557,C1=CC=C(C=C1)C2=CC(=O)C3=C(O2)C=CC(=C3)O,C15H10O3
AllCCS00010584,[M-H]-,156.5,239.0713,C1C(OC2=C(C1=O)C=C(C=C2)O)C3=CC=CC=C3,C15H12O3
AllCCS00010672,[M-H]-,159.1,269.0455,C1=CC(=CC=C1C2=COC3=CC(=C(C=C3C2=O)O)O)O,C15H10O5
AllCCS00010881,[M-H]-,166.4,283.0612,COC1=C(C=C2C(=C1)C(=O)C(=CO2)C3=CC=C(C=C3)O)O,C16H12O5
AllCCS00012392,[M-H]-,182.9,339.1238,CC(=CCC1=C(C(=C(C=C1O)O)C(=O)C=CC2=CC=C(C=C2)O)O)C,C20H20O5
AllCCS00012393,[M-H]-,195.8,353.1394,CC(=CCC1=C(C(=C(C=C1O)OC)C(=O)C=CC2=CC=C(C=C2)O)O)C,C21H22O5
AllCCS00012998,[M-H]-,216.1,593.13,C1=CC(=CC=C1C=CC(=O)OCC2C(C(C(C(O2)OC3=C(OC4=CC(=CC(=C4C3=O)O)O)C5=CC=C(C=C5)O)O)O)O)O,C30H26O13
AllCCS00016110,[M-H]-,154.5,237.0557,C1=CC=C2C(=C1)C(=O)C=C(O2)C3=CC(=CC=C3)O,C15H10O3
AllCCS00016555,[M-H]-,283.7,794.5705,CCCCCCCCCCCCCCCCCC(=O)OCC(COP(=O)(O)OCCN)OC(=O)CCCCCC=CCC=CCC=CCC=CCCCCC,C45H82NO8P
AllCCS00017710,[M+H]+,263.5,566.5507,CCCCCCCCCCCCCCCCCC(=O)NC(CO)C(C=CCCCCCCCCCCCCC)O,C36H71NO3
AllCCS00017712,[M+H]+,275.3,622.6133,CCCCCCCCCCCCCCCCCCCCCC(=O)NC(CO)C(C=CCCCCCCCCCCCCC)O,C40H79NO3
AllCCS00017715,[M+H]+,281.6,650.6446,CCCCCCCCCCCCCCCCCCCCCCCC(=O)NC(CO)C(C=CCCCCCCCCCCCCC)O,C42H83NO3
AllCCS00017727,[M+H]+,303.5,812.6974,CCCCCCCCCCCCCCCCCCCCCCCC(=O)NC(COC1C(C(C(C(O1)CO)O)O)O)C(C=CCCCCCCCCCCCCC)O,C48H93NO8
AllCCS00019150,[M+H]+,288.7,794.5695,CCCCCCCCCCCCCCC(=O)OCC(COP(=O)([O-])OCC[N+](C)(C)C)OC(=O)CCC=CCC=CCC=CCC=CCC=CCCCCC,C45H80NO8P
AllCCS00019176,[M+Na]+,288.2,802.5358,CCCCCCCCCCCCCCCC(=O)OCC(COP(=O)([O-])OCC[N+](C)(C)C)OC(=O)CCCC=CCC=CCC=CCC=CCC=CCC,C44H78NO8P
AllCCS00019354,[M+Na]+,286.9,778.5358,CCCCCCCCCCCCCCCC(=O)OC(COC(=O)CCCCC=CCC=CCC=CCCCCC)COP(=O)([O-])OCC[N+](C)(C)C,C42H78NO8P
AllCCS00019554,[M+Na]+,298.7,834.5984,CCCCCCCCCCCCCCCCCC(=O)OC(COC(=O)CCCC=CCC=CCC=CCCCCCCCC)COP(=O)([O-])OCC[N+](C)(C)C,C46H86NO8P
AllCCS00019564,[M+Na]+,301.2,856.5828,CCCCCCCCC=CCC=CCC=CCCCC(=O)OCC(COP(=O)([O-])OCC[N+](C)(C)C)OC(=O)CCCC=CCC=CCC=CCCCCCCCC,C48H84NO8P
AllCCS00020033,[M+H]+,273.9,738.5069,CCCCCCCCCCCCCC(=O)OCC(COP(=O)(O)OCCN)OC(=O)CCC=CCC=CCC=CCC=CCC=CCCCCC,C41H72NO8P
AllCCS00020090,[M-H]-,268.3,726.5079,CCCCCCCCCCCCCCC(=O)OCC(COP(=O)(O)OCCN)OC(=O)CCCC=CCC=CCC=CCCCCCCCC,C40H74NO8P
AllCCS00020099,[M-H]-,273.1,750.5079,CCCCCCCCCCCCCCC(=O)OCC(COP(=O)(O)OCCN)OC(=O)CCC=CCC=CCC=CCC=CCC=CCCCCC,C42H74NO8P
AllCCS00020108,[M-H]-,257.9,662.4766,CCCCCCCCCCCCCCCC(=O)OCC(COP(=O)(O)OCCN)OC(=O)CCCCCCCCCCCCC,C35H70NO8P
AllCCS00020110,[M-H]-,260.8,676.4923,CCCCCCCCCCCCCCCC(=O)OCC(COP(=O)(O)OCCN)OC(=O)CCCCCCCCCCCCCC,C36H72NO8P
AllCCS00020112,[M-H]-,270.6,718.5392,CCCCCCCCCCCCCCCCCC(=O)OC(COC(=O)CCCCCCCCCCCCCCC)COP(=O)(O)OCCN,C39H78NO8P
AllCCS00020116,[M-H]-,265.7,712.4923,CCCCCCCCCCCCCCCC(=O)OCC(COP(=O)(O)OCCN)OC(=O)CCCCC=CCC=CCC=CCCCCC,C39H72NO8P
AllCCS00020126,[M-H]-,269.1,736.4923,CCCCCCCCCCCCCCCC(=O)OCC(COP(=O)(O)OCCN)OC(=O)CCCC=CCC=CCC=CCC=CCC=CCC,C41H72NO8P
AllCCS00020130,[M-H]-,276.8,766.5392,CCCCCCCCCCCCCCCC(=O)OCC(COP(=O)(O)OCCN)OC(=O)CCCCCC=CCC=CCC=CCC=CCCCCC,C43H78NO8P
AllCCS00020131,[M-H]-,275.7,764.5236,CCCCCCCCCCCCCCCC(=O)OCC(COP(=O)(O)OCCN)OC(=O)CCC=CCC=CCC=CCC=CCC=CCCCCC,C43H76NO8P
AllCCS00020176,[M-H]-,270.6,718.5392,CCCCCCCCCCCCCCCCCC(=O)OCC(COP(=O)(O)OCCN)OC(=O)CCCCCCCCCCCCCCC,C39H78NO8P
AllCCS00020188,[M-H]-,278.4,768.5549,CCCCCCCCCCCCCCCCCC(=O)OCC(COP(=O)(O)OCCN)OC(=O)CCCC=CCC=CCC=CCCCCCCCC,C43H80NO8P
AllCCS00020195,[M-H]-,282.6,792.5549,CCCCCCCCCCCCCCCCCC(=O)OCC(COP(=O)(O)OCCN)OC(=O)CCC=CCC=CCC=CCC=CCC=CCCCCC,C45H80NO8P
AllCCS00020321,[M+H]+,279.1,760.4912,CCCCCC=CCC=CCC=CCCCCC(=O)OCC(COP(=O)(O)OCCN)OC(=O)CCCC=CCC=CCC=CCC=CCC=CCC,C43H70NO8P
AllCCS00020635,[M-H]-,268.0,736.4923,CCCCCCCCCCCCCCCC(=O)OC(COC(=O)CCCC=CCC=CCC=CCC=CCC=CCC)COP(=O)(O)OCCN,C41H72NO8P
AllCCS00020767,[M-H]-,275.7,766.5392,CCCCCCCCCCCCCCCC(=O)OC(COC(=O)CCCCCC=CCC=CCC=CCC=CCCCCC)COP(=O)(O)OCCN,C43H78NO8P
AllCCS00020802,[M-H]-,282.1,792.5549,CCCCCCCCCCCCCCCCCC(=O)OC(COC(=O)CCC=CCC=CCC=CCC=CCC=CCCCCC)COP(=O)(O)OCCN,C45H80NO8P
AllCCS00020911,[M-H]-,298.0,852.6488,CCCCCCCCCCCCCCCCCCCCCCCC(=O)OCC(COP(=O)(O)OCCN)OC(=O)CCCC=CCC=CCC=CCCCCCCCC,C49H92NO8P
AllCCS00020919,[M-H]-,302.2,878.6644,CCCCCCCCCCCCCCCCCCCCCCCC(=O)OCC(COP(=O)(O)OCCN)OC(=O)CCCCCC=CCC=CCC=CCC=CCCCCC,C51H94NO8P
AllCCS00021063,[M-H]-,294.2,859.5342,CCCCCCCCCCCCCCCC(=O)OC(COC(=O)CCCC=CCC=CCC=CCCCCCCCC)COP(=O)(O)OC1C(C(C(C(C1O)O)O)O)O,C45H81O13P
AllCCS00021064,[M-H]-,299.4,887.5655,CCCCCCCCCCCCCCCCCC(=O)OC(COC(=O)CCCC=CCC=CCC=CCCCCCCCC)COP(=O)(O)OC1C(C(C(C(C1O)O)O)O)O,C47H85O13P
AllCCS00021432,[M+H]+,224.9,518.3241,CCCCCC=CCC=CCC=CCCCCC(=O)OCC(COP(=O)([O-])OCC[N+](C)(C)C)O,C26H48NO7P
AllCCS00021441,[M+H]+,229.2,542.3241,CCC=CCC=CCC=CCC=CCC=CCCCC(=O)OCC(COP(=O)([O-])OCC[N+](C)(C)C)O,C28H48NO7P
AllCCS00021442,[M+H]+,252.3,580.4337,CCCCCCCCCCCCCCCCCCCCCC(=O)OCC(COP(=O)([O-])OCC[N+](C)(C)C)O,C30H62NO7P
AllCCS00021446,[M+H]+,235.2,570.3554,CCCCCC=CCC=CCC=CCC=CCC=CCCC(=O)OCC(COP(=O)([O-])OCC[N+](C)(C)C)O,C30H52NO7P
AllCCS00021612,[M-H]-,271.1,721.5025,CCCCCCCCCCCCCCCC(=O)OCC(COP(=O)(O)OCC(CO)O)OC(=O)CCCCCCCCCCCCCCC,C38H75O10P
AllCCS00021792,[M+H]+,239.1,510.3918,CCCCCCCCCCCCCCCCCCOCC(COP(=O)([O-])OCC[N+](C)(C)C)O,C26H56NO6P
AllCCS00021792,[M+Na]+,238.2,532.3738,CCCCCCCCCCCCCCCCCCOCC(COP(=O)([O-])OCC[N+](C)(C)C)O,C26H56NO6P
AllCCS00021795,[M+H]+,213.6,438.2979,CCCCCCCCCCCCCCC=COCC(COP(=O)(O)OCCN)O,C21H44NO6P
AllCCS00021801,[M+H]+,272.8,676.5276,CCCCCCCCCCCCCCCC(=O)OC(COC=CCCCCCCCCCCCCCC)COP(=O)(O)OCCN,C37H74NO7P
AllCCS00021801,[M-H]-,263.2,674.513,CCCCCCCCCCCCCCCC(=O)OC(COC=CCCCCCCCCCCCCCC)COP(=O)(O)OCCN,C37H74NO7P
AllCCS00021827,[M+H]+,278.9,690.5432,CCCCCCCCCCCCCCC=COCC(COP(=O)([O-])OCC[N+](C)(C)C)OC(=O)CCCCCCCCCCCCC,C38H76NO7P
AllCCS00021827,[M+Na]+,279.7,712.5252,CCCCCCCCCCCCCCC=COCC(COP(=O)([O-])OCC[N+](C)(C)C)OC(=O)CCCCCCCCCCCCC,C38H76NO7P
AllCCS00021830,[M+H]+,284.9,718.5745,CCCCCCCCCCCCCCCC(=O)OC(COC=CCCCCCCCCCCCCCC)COP(=O)([O-])OCC[N+](C)(C)C,C40H80NO7P
AllCCS00021830,[M+Na]+,286.9,740.5565,CCCCCCCCCCCCCCCC(=O)OC(COC=CCCCCCCCCCCCCCC)COP(=O)([O-])OCC[N+](C)(C)C,C40H80NO7P
AllCCS00021832,[M+H]+,291.0,746.6058,CCCCCCCCCCCCCCCCCC(=O)OC(COC=CCCCCCCCCCCCCCC)COP(=O)([O-])OCC[N+](C)(C)C,C42H84NO7P
AllCCS00021832,[M+Na]+,291.7,768.5878,CCCCCCCCCCCCCCCCCC(=O)OC(COC=CCCCCCCCCCCCCCC)COP(=O)([O-])OCC[N+](C)(C)C,C42H84NO7P
AllCCS00021839,[M+H]+,296.4,774.6371,CCCCCCCCCCCCCCCCCCCC(=O)OC(COC=CCCCCCCCCCCCCCC)COP(=O)([O-])OCC[N+](C)(C)C,C44H88NO7P
AllCCS00021839,[M+Na]+,297.8,796.6191,CCCCCCCCCCCCCCCCCCCC(=O)OC(COC=CCCCCCCCCCCCCCC)COP(=O)([O-])OCC[N+](C)(C)C,C44H88NO7P
AllCCS00021847,[M+H]+,302.8,802.6684,CCCCCCCCCCCCCCCCCCCCCC(=O)OC(COC=CCCCCCCCCCCCCCC)COP(=O)([O-])OCC[N+](C)(C)C,C46H92NO7P
AllCCS00021847,[M+Na]+,303.4,824.6504,CCCCCCCCCCCCCCCCCCCCCC(=O)OC(COC=CCCCCCCCCCCCCCC)COP(=O)([O-])OCC[N+](C)(C)C,C46H92NO7P
AllCCS00021960,[M-H]-,267.4,702.5443,CCCCCCCCCCCCCCCCCC(=O)OC(COC=CCCCCCCCCCCCCCC)COP(=O)(O)OCCN,C39H78NO7P
AllCCS00021964,[M-H]-,265.8,696.4973,CCCCCCCCCCCCCCC=COCC(COP(=O)(O)OCCN)OC(=O)CCCCC=CCC=CCC=CCCCCC,C39H72NO7P
AllCCS00021967,[M+H]+,284.5,732.5902,CCCCCCCCCCCCCCCCCCCC(=O)OC(COC=CCCCCCCCCCCCCCC)COP(=O)(O)OCCN,C41H82NO7P
AllCCS00021967,[M-H]-,276.2,730.5756,CCCCCCCCCCCCCCCCCCCC(=O)OC(COC=CCCCCCCCCCCCCCC)COP(=O)(O)OCCN,C41H82NO7P
AllCCS00021970,[M-H]-,272.2,724.5286,CCCCCCCCCCCCCCC=COCC(COP(=O)(O)OCCN)OC(=O)CCCC=CCC=CCC=CCCCCCCCC,C41H76NO7P
AllCCS00021974,[M-H]-,269.5,720.4973,CCCCCCCCCCCCCCC=COCC(COP(=O)(O)OCCN)OC(=O)CCCC=CCC=CCC=CCC=CCC=CCC,C41H72NO7P
AllCCS00021976,[M-H]-,281.2,756.5912,CCCCCCCCCCCCCCC=COCC(COP(=O)(O)OCCN)OC(=O)CCCCCCCCCCCC=CCCCCCCCC,C43H84NO7P
AllCCS00021978,[M+H]+,280.9,752.5589,CCCCCCCCCCCCCCC=COCC(COP(=O)(O)OCCN)OC(=O)CCCCCC=CCC=CCC=CCC=CCCCCC,C43H78NO7P
AllCCS00021978,[M-H]-,276.3,750.5443,CCCCCCCCCCCCCCC=COCC(COP(=O)(O)OCCN)OC(=O)CCCCCC=CCC=CCC=CCC=CCCCCC,C43H78NO7P
AllCCS00021979,[M-H]-,275.3,748.5286,CCCCCCCCCCCCCCC=COCC(COP(=O)(O)OCCN)OC(=O)CCC=CCC=CCC=CCC=CCC=CCCCCC,C43H76NO7P
AllCCS00021982,[M-H]-,287.0,784.6225,CCCCCCCCCCCCCCC=COCC(COP(=O)(O)OCCN)OC(=O)CCCCCCCCCCCCCC=CCCCCCCCC,C45H88NO7P
AllCCS00021986,[M+H]+,279.6,704.5589,CCCCCCCCCCCCCCCCC=COCC(COP(=O)(O)OCCN)OC(=O)CCCCCCCCCCCCCCC,C39H78NO7P
AllCCS00021986,[M-H]-,270.1,702.5443,CCCCCCCCCCCCCCCCC=COCC(COP(=O)(O)OCCN)OC(=O)CCCCCCCCCCCCCCC,C39H78NO7P
AllCCS00021995,[M+H]+,290.5,760.6215,CCCCCCCCCCCCCCCCCCCC(=O)OC(COC=CCCCCCCCCCCCCCCCC)COP(=O)(O)OCCN,C43H86NO7P
AllCCS00021995,[M-H]-,282.3,758.6069,CCCCCCCCCCCCCCCCCCCC(=O)OC(COC=CCCCCCCCCCCCCCCCC)COP(=O)(O)OCCN,C43H86NO7P
AllCCS00021998,[M-H]-,278.5,752.5599,CCCCCCCCCCCCCCCCC=COCC(COP(=O)(O)OCCN)OC(=O)CCCC=CCC=CCC=CCCCCCCCC,C43H80NO7P
AllCCS00022002,[M-H]-,288.1,786.6382,CCCCCCCCCCCCCCCCCCCCCC(=O)OC(COC=CCCCCCCCCCCCCCCCC)COP(=O)(O)OCCN,C45H90NO7P
AllCCS00022003,[M-H]-,287.0,784.6225,CCCCCCCCCCCCCCCCC=COCC(COP(=O)(O)OCCN)OC(=O)CCCCCCCCCCCC=CCCCCCCCC,C45H88NO7P
AllCCS00022004,[M-H]-,285.4,782.6069,CCCCCCCCCCCCCCCCC=COCC(COP(=O)(O)OCCN)OC(=O)CCCCCCCCCCCC=CCC=CCCCCC,C45H86NO7P
AllCCS00022005,[M+H]+,288.2,780.5902,CCCCCCCCCCCCCCCCC=COCC(COP(=O)(O)OCCN)OC(=O)CCCCCC=CCC=CCC=CCC=CCCCCC,C45H82NO7P
AllCCS00022005,[M-H]-,282.7,778.5756,CCCCCCCCCCCCCCCCC=COCC(COP(=O)(O)OCCN)OC(=O)CCCCCC=CCC=CCC=CCC=CCCCCC,C45H82NO7P
AllCCS00022006,[M-H]-,281.4,776.5599,CCCCCCCCCCCCCCCCC=COCC(COP(=O)(O)OCCN)OC(=O)CCC=CCC=CCC=CCC=CCC=CCCCCC,C45H80NO7P
AllCCS00022032,[M-H]-,285.4,782.6069,CCCCCCCCC=CCCCCCCCCCCCC(=O)OC(COC=CCCCCCCCCC=CCCCCCC)COP(=O)(O)OCCN,C45H86NO7P
AllCCS00022034,[M-H]-,281.6,776.5599,CCCCCCC=CCCCCCCCCC=COCC(COP(=O)(O)OCCN)OC(=O)CCCCCC=CCC=CCC=CCC=CCCCCC,C45H80NO7P
AllCCS00022100,[M-H]-,202.6,424.2469,CCCCCCCCCCCCCC(=O)OCC(COP(=O)(O)OCCN)O,C19H40NO7P
AllCCS00022102,[M-H]-,206.9,438.2626,CCCCCCCCCCCCCCC(=O)OCC(COP(=O)(O)OCCN)O,C20H42NO7P
AllCCS00022108,[M+Na]+,222.4,498.2592,CCCCCC=CCC=CCC=CCCCCC(=O)OCC(COP(=O)(O)OCCN)O,C23H42NO7P
AllCCS00022111,[M-H]-,224.5,508.3408,CCCCCCCCCCCCCCCCCCCC(=O)OCC(COP(=O)(O)OCCN)O,C25H52NO7P
AllCCS00022115,[M+Na]+,229.4,526.2905,CCCCCCCCC=CCC=CCC=CCCCC(=O)OCC(COP(=O)(O)OCCN)O,C25H46NO7P
AllCCS00022115,[M-H]-,217.9,502.2939,CCCCCCCCC=CCC=CCC=CCCCC(=O)OCC(COP(=O)(O)OCCN)O,C25H46NO7P
AllCCS00022121,[M-H]-,228.7,534.3565,CCCCCCCCC=CCCCCCCCCCCCC(=O)OCC(COP(=O)(O)OCCN)O,C27H54NO7P
AllCCS00022123,[M+H]+,224.8,530.3241,CCCCCC=CCC=CCC=CCC=CCCCCCC(=O)OCC(COP(=O)(O)OCCN)O,C27H48NO7P
AllCCS00022123,[M-H]-,223.2,528.3095,CCCCCC=CCC=CCC=CCC=CCCCCCC(=O)OCC(COP(=O)(O)OCCN)O,C27H48NO7P
AllCCS00022124,[M+H]+,222.0,528.3085,CCCCCC=CCC=CCC=CCC=CCC=CCCC(=O)OCC(COP(=O)(O)OCCN)O,C27H46NO7P
AllCCS00022124,[M-H]-,222.1,526.2939,CCCCCC=CCC=CCC=CCC=CCC=CCCC(=O)OCC(COP(=O)(O)OCCN)O,C27H46NO7P
AllCCS00022294,[M+H]+,280.7,638.6446,CCCCCCCCCCCCCCCCCCCCCCC(=O)NC(CO)C(CCCCCCCCCCCCCCC)O,C41H83NO3
AllCCS00022301,[M+H]+,272.2,620.5976,CCCCCCCCCCCCCC=CC(C(CO)NC(=O)CCCCCCCCCCCC=CCCCCCCCC)O,C40H77NO3
AllCCS00022431,[M-H]-,166.7,253.2173,CCCCCCC=CCCCCCCCC(=O)O,C16H30O2
AllCCS00024105,[M+H]+,266.1,636.4963,CCCCCCCCCCCCCCCCCCCCCCCCCC(=O)OCC(COP(=O)([O-])OCC[N+](C)(C)C)O,C34H70NO7P
AllCCS00024106,[M+H]+,275.6,664.5276,CCCCCCCCCCCCCCCCCCCCCCCCCCCC(=O)OCC(COP(=O)([O-])OCC[N+](C)(C)C)O,C36H74NO7P
AllCCS00024106,[M+Na]+,277.0,686.5096,CCCCCCCCCCCCCCCCCCCCCCCCCCCC(=O)OCC(COP(=O)([O-])OCC[N+](C)(C)C)O,C36H74NO7P
AllCCS00027541,[M-H]-,189.8,373.0929,COC1=C(C=C(C=C1)C2=CC(=O)C3=C(C(=C(C(=C3O2)OC)O)OC)O)OC,C19H18O8
AllCCS00027780,[M-H]-,182.0,313.1081,COC1=CC=C(C=C1)C=CC(=O)C2=C(C=C(C=C2OC)OC)O,C18H18O5
AllCCS00028107,[M-H]-,183.5,347.1864,CC(C)C(=O)C1=C(C(=C(C(C1=O)(CC=C(C)C)O)O)CC=C(C)C)O,C20H28O5
AllCCS00079907,[M-H]-,282.1,784.5134,CCCCCC=CCC=CCCCCCCCCCCCC(=O)OC(COC(=O)CCCCCCCC=CCCCC)COP(=O)(O)OCC(C(=O)O)N,C42H76NO10P
AllCCS00080276,[M-H]-,285.8,808.5134,CCCCCCCCCCCCCCCCCC(=O)OC(COC(=O)CCCC=CCC=CCC=CCC=CCC=CCC)COP(=O)(O)OCC(C(=O)O)N,C44H76NO10P
AllCCS00091887,[M-H]-,171.8,299.0925,CC1=C(C(=C2C(=C1O)C(=O)CC(O2)C3=CC=C(C=C3)O)C)O,C17H16O5
AllCCS00094987,[M-H]-,163.7,253.087,COC1=CC(=C(C=C1)C(=O)C=CC2=CC=CC=C2)O,C16H14O3
AllCCS00095553,[M-H]-,161.5,285.0404,C1=CC2=C(C=C1O)OC(=CC2=O)C3=CC(=C(C(=C3)O)O)O,C15H10O6
AllCCS00095704,[M-H]-,151.8,237.0557,C1=CC=C2C(=C1)C(=O)C=C(O2)C3=CC=C(C=C3)O,C15H10O3
AllCCS00096431,[M-H]-,181.4,305.2486,CCC=CCC=CCC=CCCCCCCCCCC(=O)O,C20H34O2
